event,tag,sport,sport_code,sport_url,discipline,start_date,end_date,venue,phase,gender,status,day_of_week,duration_hours,latitude,longitude,date_start,date_end,start_day,start_month,start_hour
Men,beach-volleyball,Beach Volleyball,VBV,https://olympics.com/en/paris-2024/sports/beach-volleyball,Football,2024-07-24 15:00:00+02:00,2024-07-24 16:45:00+02:00,Parc des Princes,Men's Group C,M,FINISHED,Wednesday,1.75,48.8415,2.253,2024-07-25 13:00:00+00:00,2024-08-10 18:30:00+00:00,24,7,15
Men,football,Football,FBL,https://olympics.com/en/paris-2024/sports/football,Football,2024-07-24 15:00:00+02:00,2024-07-24 16:45:00+02:00,Parc des Princes,Men's Group C,M,FINISHED,Wednesday,1.75,48.8415,2.253,2024-07-25 13:00:00+00:00,2024-08-10 18:30:00+00:00,24,7,15
Men,cycling-bmx-racing,Cycling BMX Racing,BMX,https://olympics.com/en/paris-2024/sports/cycling-bmx-racing,Football,2024-07-24 15:00:00+02:00,2024-07-24 16:45:00+02:00,Geoffroy-Guichard Stadium,Men's Group B,M,FINISHED,Wednesday,1.75,48.8566,2.3522,2024-07-25 13:00:00+00:00,2024-07-31 19:00:00+00:00,24,7,15
Men,trampoline-gymnastics,Trampoline Gymnastics,GTR,https://olympics.com/en/paris-2024/sports/trampoline-gymnastics,Football,2024-07-24 15:00:00+02:00,2024-07-24 16:45:00+02:00,Parc des Princes,Men's Group C,M,FINISHED,Wednesday,1.75,48.8415,2.253,2024-07-25 13:00:00+00:00,2024-08-10 18:30:00+00:00,24,7,15
Men,3x3-basketball,3x3 Basketball,BK3,https://olympics.com/en/paris-2024/sports/3x3-basketball,Football,2024-07-24 15:00:00+02:00,2024-07-24 16:45:00+02:00,Geoffroy-Guichard Stadium,Men's Group B,M,FINISHED,Wednesday,1.75,48.8566,2.3522,2024-07-25 13:00:00+00:00,2024-07-31 19:00:00+00:00,24,7,15
Men,handball,Handball,HBL,https://olympics.com/en/paris-2024/sports/handball,Football,2024-07-24 15:00:00+02:00,2024-07-24 16:45:00+02:00,Geoffroy-Guichard Stadium,Men's Group B,M,FINISHED,Wednesday,1.75,48.8566,2.3522,2024-07-25 13:00:00+00:00,2024-07-31 19:00:00+00:00,24,7,15
Men,water-polo,Water Polo,WPO,https://olympics.com/en/paris-2024/sports/water-polo,Football,2024-07-24 15:00:00+02:00,2024-07-24 16:45:00+02:00,Parc des Princes,Men's Group C,M,FINISHED,Wednesday,1.75,48.8415,2.253,2024-07-25 13:00:00+00:00,2024-08-10 18:30:00+00:00,24,7,15
Men,hockey,Hockey,HOC,https://olympics.com/en/paris-2024/sports/hockey,Football,2024-07-24 15:00:00+02:00,2024-07-24 16:45:00+02:00,Parc des Princes,Men's Group C,M,FINISHED,Wednesday,1.75,48.8415,2.253,2024-07-25 13:00:00+00:00,2024-08-10 18:30:00+00:00,24,7,15
Men,volleyball,Volleyball,VVO,https://olympics.com/en/paris-2024/sports/volleyball,Football,2024-07-24 15:00:00+02:00,2024-07-24 16:45:00+02:00,Parc des Princes,Men's Group C,M,FINISHED,Wednesday,1.75,48.8415,2.253,2024-07-25 13:00:00+00:00,2024-08-10 18:30:00+00:00,24,7,15
Men,rugby-sevens,Rugby Sevens,RU7,https://olympics.com/en/paris-2024/sports/rugby-sevens,Football,2024-07-24 15:00:00+02:00,2024-07-24 16:45:00+02:00,Geoffroy-Guichard Stadium,Men's Group B,M,FINISHED,Wednesday,1.75,48.8566,2.3522,2024-07-25 13:00:00+00:00,2024-07-31 19:00:00+00:00,24,7,15
Men,surfing,Surfing,SRF,https://olympics.com/en/paris-2024/sports/surfing,Football,2024-07-24 15:00:00+02:00,2024-07-24 16:45:00+02:00,Geoffroy-Guichard Stadium,Men's Group B,M,FINISHED,Wednesday,1.75,48.8566,2.3522,2024-07-25 13:00:00+00:00,2024-07-31 19:00:00+00:00,24,7,15
Men,basketball,Basketball,BKB,https://olympics.com/en/paris-2024/sports/basketball,Football,2024-07-24 15:00:00+02:00,2024-07-24 16:45:00+02:00,Parc des Princes,Men's Group C,M,FINISHED,Wednesday,1.75,48.8415,2.253,2024-07-25 13:00:00+00:00,2024-08-10 18:30:00+00:00,24,7,15
Women,3x3-basketball,3x3 Basketball,BK3,https://olympics.com/en/paris-2024/sports/3x3-basketball,Handball,2024-07-25 09:00:00+02:00,2024-07-25 10:30:00+02:00,South Paris Arena 6,Women's Preliminary Round Group A,W,FINISHED,Thursday,1.5,,,,,25,7,9
Women,trampoline-gymnastics,Trampoline Gymnastics,GTR,https://olympics.com/en/paris-2024/sports/trampoline-gymnastics,Handball,2024-07-25 09:00:00+02:00,2024-07-25 10:30:00+02:00,South Paris Arena 6,Women's Preliminary Round Group A,W,FINISHED,Thursday,1.5,,,,,25,7,9
Women,surfing,Surfing,SRF,https://olympics.com/en/paris-2024/sports/surfing,Handball,2024-07-25 09:00:00+02:00,2024-07-25 10:30:00+02:00,South Paris Arena 6,Women's Preliminary Round Group A,W,FINISHED,Thursday,1.5,,,,,25,7,9
Women,football,Football,FBL,https://olympics.com/en/paris-2024/sports/football,Handball,2024-07-25 09:00:00+02:00,2024-07-25 10:30:00+02:00,South Paris Arena 6,Women's Preliminary Round Group A,W,FINISHED,Thursday,1.5,,,,,25,7,9
Women,basketball,Basketball,BKB,https://olympics.com/en/paris-2024/sports/basketball,Handball,2024-07-25 09:00:00+02:00,2024-07-25 10:30:00+02:00,South Paris Arena 6,Women's Preliminary Round Group A,W,FINISHED,Thursday,1.5,,,,,25,7,9
Women,cycling-bmx-racing,Cycling BMX Racing,BMX,https://olympics.com/en/paris-2024/sports/cycling-bmx-racing,Handball,2024-07-25 09:00:00+02:00,2024-07-25 10:30:00+02:00,South Paris Arena 6,Women's Preliminary Round Group A,W,FINISHED,Thursday,1.5,,,,,25,7,9
Women,volleyball,Volleyball,VVO,https://olympics.com/en/paris-2024/sports/volleyball,Handball,2024-07-25 09:00:00+02:00,2024-07-25 10:30:00+02:00,South Paris Arena 6,Women's Preliminary Round Group A,W,FINISHED,Thursday,1.5,,,,,25,7,9
Women,handball,Handball,HBL,https://olympics.com/en/paris-2024/sports/handball,Handball,2024-07-25 09:00:00+02:00,2024-07-25 10:30:00+02:00,South Paris Arena 6,Women's Preliminary Round Group A,W,FINISHED,Thursday,1.5,,,,,25,7,9
Women,hockey,Hockey,HOC,https://olympics.com/en/paris-2024/sports/hockey,Handball,2024-07-25 09:00:00+02:00,2024-07-25 10:30:00+02:00,South Paris Arena 6,Women's Preliminary Round Group A,W,FINISHED,Thursday,1.5,,,,,25,7,9
Women,rugby-sevens,Rugby Sevens,RU7,https://olympics.com/en/paris-2024/sports/rugby-sevens,Handball,2024-07-25 09:00:00+02:00,2024-07-25 10:30:00+02:00,South Paris Arena 6,Women's Preliminary Round Group A,W,FINISHED,Thursday,1.5,,,,,25,7,9
Women,water-polo,Water Polo,WPO,https://olympics.com/en/paris-2024/sports/water-polo,Handball,2024-07-25 09:00:00+02:00,2024-07-25 10:30:00+02:00,South Paris Arena 6,Women's Preliminary Round Group A,W,FINISHED,Thursday,1.5,,,,,25,7,9
Women,beach-volleyball,Beach Volleyball,VBV,https://olympics.com/en/paris-2024/sports/beach-volleyball,Handball,2024-07-25 09:00:00+02:00,2024-07-25 10:30:00+02:00,South Paris Arena 6,Women's Preliminary Round Group A,W,FINISHED,Thursday,1.5,,,,,25,7,9
Women's Individual,modern-pentathlon,Modern Pentathlon,MPN,https://olympics.com/en/paris-2024/sports/modern-pentathlon,Archery,2024-07-25 09:30:00+02:00,2024-07-25 12:30:00+02:00,Invalides,Women's Individual Ranking Round,W,FINISHED,Thursday,3.0,48.8566,2.3122,2024-07-25 07:30:00+00:00,2024-08-04 13:20:00+00:00,25,7,9
Women's Individual,archery,Archery,ARC,https://olympics.com/en/paris-2024/sports/archery,Archery,2024-07-25 09:30:00+02:00,2024-07-25 12:30:00+02:00,Invalides,Women's Individual Ranking Round,W,FINISHED,Thursday,3.0,48.8566,2.3122,2024-07-25 07:30:00+00:00,2024-08-04 13:20:00+00:00,25,7,9
Women's Individual,triathlon,Triathlon,TRI,https://olympics.com/en/paris-2024/sports/triathlon,Archery,2024-07-25 09:30:00+02:00,2024-07-25 12:30:00+02:00,Invalides,Women's Individual Ranking Round,W,FINISHED,Thursday,3.0,48.8566,2.3122,2024-07-25 07:30:00+00:00,2024-08-04 13:20:00+00:00,25,7,9
Men's Individual,triathlon,Triathlon,TRI,https://olympics.com/en/paris-2024/sports/triathlon,Archery,2024-07-25 14:15:00+02:00,2024-07-25 17:15:00+02:00,Invalides,Men's Individual Ranking Round,M,FINISHED,Thursday,3.0,48.8566,2.3122,2024-07-25 07:30:00+00:00,2024-08-04 13:20:00+00:00,25,7,14
Men's Individual,archery,Archery,ARC,https://olympics.com/en/paris-2024/sports/archery,Archery,2024-07-25 14:15:00+02:00,2024-07-25 17:15:00+02:00,Invalides,Men's Individual Ranking Round,M,FINISHED,Thursday,3.0,48.8566,2.3122,2024-07-25 07:30:00+00:00,2024-08-04 13:20:00+00:00,25,7,14
Men's Individual,modern-pentathlon,Modern Pentathlon,MPN,https://olympics.com/en/paris-2024/sports/modern-pentathlon,Archery,2024-07-25 14:15:00+02:00,2024-07-25 17:15:00+02:00,Invalides,Men's Individual Ranking Round,M,FINISHED,Thursday,3.0,48.8566,2.3122,2024-07-25 07:30:00+00:00,2024-08-04 13:20:00+00:00,25,7,14
10m Air Rifle Mixed Team,shooting,Shooting,SHO,https://olympics.com/en/paris-2024/sports/shooting,Shooting,2024-07-26 09:00:00+02:00,2024-07-26 09:30:00+02:00,Chateauroux Shooting Ctr,10m Air Rifle Mixed Team Training,X,FINISHED,Friday,0.5,,,,,26,7,9
10m Air Pistol Men,shooting,Shooting,SHO,https://olympics.com/en/paris-2024/sports/shooting,Shooting,2024-07-26 10:00:00+02:00,2024-07-26 11:15:00+02:00,Chateauroux Shooting Ctr,10m Air Pistol Men's Training,M,FINISHED,Friday,1.25,,,,,26,7,10
10m Air Pistol Women,shooting,Shooting,SHO,https://olympics.com/en/paris-2024/sports/shooting,Shooting,2024-07-26 11:45:00+02:00,2024-07-26 13:00:00+02:00,Chateauroux Shooting Ctr,10m Air Pistol Women Training,W,FINISHED,Friday,1.25,,,,,26,7,11
Mixed Doubles,badminton,Badminton,BDM,https://olympics.com/en/paris-2024/sports/badminton,Badminton,2024-07-27 08:30:00+02:00,2024-07-27 09:10:00+02:00,La Chapelle Arena,Mixed Doubles Group Play Stage - Grp D,X,FINISHED,Saturday,0.6666666666666666,,,,,27,7,8
Women's Singles,tennis,Tennis,TEN,https://olympics.com/en/paris-2024/sports/tennis,Badminton,2024-07-27 08:30:00+02:00,2024-07-27 09:10:00+02:00,La Chapelle Arena,Women's Singles Group Play Stage - Grp N,W,FINISHED,Saturday,0.6666666666666666,,,,,27,7,8
Mixed Doubles,table-tennis,Table Tennis,TTE,https://olympics.com/en/paris-2024/sports/table-tennis,Badminton,2024-07-27 08:30:00+02:00,2024-07-27 09:10:00+02:00,La Chapelle Arena,Mixed Doubles Group Play Stage - Grp D,X,FINISHED,Saturday,0.6666666666666666,,,,,27,7,8
Mixed Doubles,tennis,Tennis,TEN,https://olympics.com/en/paris-2024/sports/tennis,Badminton,2024-07-27 08:30:00+02:00,2024-07-27 09:10:00+02:00,La Chapelle Arena,Mixed Doubles Group Play Stage - Grp D,X,FINISHED,Saturday,0.6666666666666666,,,,,27,7,8
Women's Singles,badminton,Badminton,BDM,https://olympics.com/en/paris-2024/sports/badminton,Badminton,2024-07-27 08:30:00+02:00,2024-07-27 09:10:00+02:00,La Chapelle Arena,Women's Singles Group Play Stage - Grp N,W,FINISHED,Saturday,0.6666666666666666,,,,,27,7,8
Women's Singles,table-tennis,Table Tennis,TTE,https://olympics.com/en/paris-2024/sports/table-tennis,Badminton,2024-07-27 08:30:00+02:00,2024-07-27 09:10:00+02:00,La Chapelle Arena,Women's Singles Group Play Stage - Grp N,W,FINISHED,Saturday,0.6666666666666666,,,,,27,7,8
Men's Single Sculls,rowing,Rowing,ROW,https://olympics.com/en/paris-2024/sports/rowing,Rowing,2024-07-27 09:00:00+02:00,2024-07-27 10:07:00+02:00,Nautical St - Flat water,Men's Single Sculls Heats,M,FINISHED,Saturday,1.1166666666666667,,,,,27,7,9
Men's Doubles,badminton,Badminton,BDM,https://olympics.com/en/paris-2024/sports/badminton,Badminton,2024-07-27 09:20:00+02:00,2024-07-27 10:00:00+02:00,La Chapelle Arena,Men's Doubles Group Play Stage - Grp A,M,FINISHED,Saturday,0.6666666666666666,,,,,27,7,9
Men's Doubles,tennis,Tennis,TEN,https://olympics.com/en/paris-2024/sports/tennis,Badminton,2024-07-27 09:20:00+02:00,2024-07-27 10:00:00+02:00,La Chapelle Arena,Men's Doubles Group Play Stage - Grp A,M,FINISHED,Saturday,0.6666666666666666,,,,,27,7,9
Eventing Individual,equestrian,Equestrian,EQU,https://olympics.com/en/paris-2024/sports/equestrian,Equestrian,2024-07-27 09:30:00+02:00,2024-07-27 18:30:00+02:00,Château de Versailles,Eventing Individual Dressage,O,FINISHED,Saturday,9.0,48.8049,2.1204,2024-07-27 07:30:00+00:00,2024-08-11 11:30:00+00:00,27,7,9
Eventing Team,equestrian,Equestrian,EQU,https://olympics.com/en/paris-2024/sports/equestrian,Equestrian,2024-07-27 09:30:00+02:00,2024-07-27 18:30:00+02:00,Château de Versailles,Eventing Team Dressage,O,FINISHED,Saturday,9.0,48.8049,2.1204,2024-07-27 07:30:00+00:00,2024-08-11 11:30:00+00:00,27,7,9
Women -48 kg,judo,Judo,JUD,https://olympics.com/en/paris-2024/sports/judo,Judo,2024-07-27 10:00:00+02:00,2024-07-27 10:06:00+02:00,Champ-de-Mars Arena,Women -48 kg Elimination Round of 32,W,FINISHED,Saturday,0.1,,,,,27,7,10
Women's Épée Individual,fencing,Fencing,FEN,https://olympics.com/en/paris-2024/sports/fencing,Fencing,2024-07-27 10:00:00+02:00,2024-07-27 10:25:00+02:00,Grand Palais,Women's Épée Individual Table of 64,W,FINISHED,Saturday,0.4166666666666667,48.8662,2.3124,2024-07-27 08:00:00+00:00,2024-08-10 21:00:00+00:00,27,7,10
Men -60 kg,judo,Judo,JUD,https://olympics.com/en/paris-2024/sports/judo,Judo,2024-07-27 10:00:00+02:00,2024-07-27 10:06:00+02:00,Champ-de-Mars Arena,Men -60 kg Elimination Round of 32,M,FINISHED,Saturday,0.1,,,,,27,7,10
Women's Doubles,tennis,Tennis,TEN,https://olympics.com/en/paris-2024/sports/tennis,Badminton,2024-07-27 10:10:00+02:00,2024-07-27 10:50:00+02:00,La Chapelle Arena,Women's Doubles Group Play Stage - Grp A,W,FINISHED,Saturday,0.6666666666666666,,,,,27,7,10
Women's Doubles,badminton,Badminton,BDM,https://olympics.com/en/paris-2024/sports/badminton,Badminton,2024-07-27 10:10:00+02:00,2024-07-27 10:50:00+02:00,La Chapelle Arena,Women's Doubles Group Play Stage - Grp A,W,FINISHED,Saturday,0.6666666666666666,,,,,27,7,10
Women's Single Sculls,rowing,Rowing,ROW,https://olympics.com/en/paris-2024/sports/rowing,Rowing,2024-07-27 10:12:00+02:00,2024-07-27 11:19:00+02:00,Nautical St - Flat water,Women's Single Sculls Heats,W,FINISHED,Saturday,1.1166666666666667,,,,,27,7,10
Men's Sabre Individual,fencing,Fencing,FEN,https://olympics.com/en/paris-2024/sports/fencing,Fencing,2024-07-27 10:25:00+02:00,2024-07-27 10:50:00+02:00,Grand Palais,Men's Sabre Individual Table of 64,M,FINISHED,Saturday,0.4166666666666667,48.8662,2.3124,2024-07-27 08:00:00+00:00,2024-08-10 21:00:00+00:00,27,7,10
Men's Singles,table-tennis,Table Tennis,TTE,https://olympics.com/en/paris-2024/sports/table-tennis,Badminton,2024-07-27 11:00:00+02:00,2024-07-27 12:00:00+02:00,La Chapelle Arena,Men's Singles Group Play Stage - Grp A,M,FINISHED,Saturday,1.0,,,,,27,7,11
Women's Synchronised 3m Springboard,diving,Diving,DIV,https://olympics.com/en/paris-2024/sports/diving,Diving,2024-07-27 11:00:00+02:00,2024-07-27 11:46:00+02:00,Aquatics Centre,Women's Synchronised 3m Springboard,W,FINISHED,Saturday,0.7666666666666667,48.9279,2.3619,2024-07-27 09:00:00+00:00,2024-08-10 20:00:00+00:00,27,7,11
Men's Singles,badminton,Badminton,BDM,https://olympics.com/en/paris-2024/sports/badminton,Badminton,2024-07-27 11:00:00+02:00,2024-07-27 12:00:00+02:00,La Chapelle Arena,Men's Singles Group Play Stage - Grp A,M,FINISHED,Saturday,1.0,,,,,27,7,11
Men's Singles,tennis,Tennis,TEN,https://olympics.com/en/paris-2024/sports/tennis,Badminton,2024-07-27 11:00:00+02:00,2024-07-27 12:00:00+02:00,La Chapelle Arena,Men's Singles Group Play Stage - Grp A,M,FINISHED,Saturday,1.0,,,,,27,7,11
Women's 100m Butterfly,swimming,Swimming,SWM,https://olympics.com/en/paris-2024/sports/swimming,Swimming,2024-07-27 11:00:00+02:00,2024-07-27 11:11:00+02:00,Paris La Defense Arena,Women's 100m Butterfly - Heats,W,FINISHED,Saturday,0.1833333333333333,48.8566,2.3522,2024-07-27 09:00:00+00:00,2024-08-11 13:50:00+00:00,27,7,11
Women's 400m Freestyle,swimming,Swimming,SWM,https://olympics.com/en/paris-2024/sports/swimming,Swimming,2024-07-27 11:12:00+02:00,2024-07-27 11:30:00+02:00,Paris La Defense Arena,Women's 400m Freestyle - Heats,W,FINISHED,Saturday,0.3,48.8566,2.3522,2024-07-27 09:00:00+00:00,2024-08-11 13:50:00+00:00,27,7,11
Men's 100m Breaststroke,swimming,Swimming,SWM,https://olympics.com/en/paris-2024/sports/swimming,Swimming,2024-07-27 11:30:00+02:00,2024-07-27 11:44:00+02:00,Paris La Defense Arena,Men's 100m Breaststroke - Heats,M,FINISHED,Saturday,0.2333333333333333,48.8566,2.3522,2024-07-27 09:00:00+00:00,2024-08-11 13:50:00+00:00,27,7,11
Men's Double Sculls,rowing,Rowing,ROW,https://olympics.com/en/paris-2024/sports/rowing,Rowing,2024-07-27 11:30:00+02:00,2024-07-27 11:57:00+02:00,Nautical St - Flat water,Men's Double Sculls Heats,M,FINISHED,Saturday,0.45,,,,,27,7,11
Men's 400m Freestyle,swimming,Swimming,SWM,https://olympics.com/en/paris-2024/sports/swimming,Swimming,2024-07-27 11:45:00+02:00,2024-07-27 12:14:00+02:00,Paris La Defense Arena,Men's 400m Freestyle - Heats,M,FINISHED,Saturday,0.4833333333333333,48.8566,2.3522,2024-07-27 09:00:00+00:00,2024-08-11 13:50:00+00:00,27,7,11
Women's Double Sculls,rowing,Rowing,ROW,https://olympics.com/en/paris-2024/sports/rowing,Rowing,2024-07-27 12:00:00+02:00,2024-07-27 12:27:00+02:00,Nautical St - Flat water,Women's Double Sculls Heats,W,FINISHED,Saturday,0.45,,,,,27,7,12
Women's 4 x 100m Freestyle Relay,swimming,Swimming,SWM,https://olympics.com/en/paris-2024/sports/swimming,Swimming,2024-07-27 12:15:00+02:00,2024-07-27 12:26:00+02:00,Paris La Defense Arena,Women's 4 x 100m Freestyle Relay - Heats,W,FINISHED,Saturday,0.1833333333333333,48.8566,2.3522,2024-07-27 09:00:00+00:00,2024-08-11 13:50:00+00:00,27,7,12
Men's 4 x 100m Freestyle Relay,swimming,Swimming,SWM,https://olympics.com/en/paris-2024/sports/swimming,Swimming,2024-07-27 12:26:00+02:00,2024-07-27 12:36:00+02:00,Paris La Defense Arena,Men's 4 x 100m Freestyle Relay - Heats,M,FINISHED,Saturday,0.1666666666666666,48.8566,2.3522,2024-07-27 09:00:00+00:00,2024-08-11 13:50:00+00:00,27,7,12
Men's Quadruple Sculls,rowing,Rowing,ROW,https://olympics.com/en/paris-2024/sports/rowing,Rowing,2024-07-27 12:30:00+02:00,2024-07-27 12:47:00+02:00,Nautical St - Flat water,Men's Quad. Sculls Heats,M,FINISHED,Saturday,0.2833333333333333,,,,,27,7,12
Women's Quadruple Sculls,rowing,Rowing,ROW,https://olympics.com/en/paris-2024/sports/rowing,Rowing,2024-07-27 12:50:00+02:00,2024-07-27 13:07:00+02:00,Nautical St - Flat water,Women's Quad. Sculls Heats,W,FINISHED,Saturday,0.2833333333333333,,,,,27,7,12
10m Air Rifle Women,shooting,Shooting,SHO,https://olympics.com/en/paris-2024/sports/shooting,Shooting,2024-07-27 14:15:00+02:00,2024-07-27 15:30:00+02:00,Chateauroux Shooting Ctr,10m Air Rifle Women's Training,W,FINISHED,Saturday,1.25,,,,,27,7,14
Women's Individual Time Trial,cycling-road,Cycling Road,CRD,https://olympics.com/en/paris-2024/sports/cycling-road,Cycling Road,2024-07-27 14:30:00+02:00,2024-07-27 15:59:00+02:00,Pont Alexandre III,Women's Individual Time Trial,W,FINISHED,Saturday,1.4833333333333334,48.8638,2.3135,2024-07-30 06:00:00+00:00,2024-08-09 08:30:00+00:00,27,7,14
Men's Canoe Single,canoe-kayak-slalom,Canoe Slalom,CSL,https://olympics.com/en/paris-2024/sports/canoe-kayak-slalom,Canoe Slalom,2024-07-27 15:00:00+02:00,2024-07-27 15:52:00+02:00,Nautical St - White water,Men's Canoe Single Heats 1st and 2nd Run,M,FINISHED,Saturday,0.8666666666666667,,,,,27,7,15
Women's 54kg,boxing,Boxing,BOX,https://olympics.com/en/paris-2024/sports/boxing,Boxing,2024-07-27 15:30:00+02:00,2024-07-27 15:41:00+02:00,North Paris Arena,Women's 54kg - Prelims - Round of 32,W,FINISHED,Saturday,0.1833333333333333,48.9342,2.3601,2024-07-27 13:30:00+00:00,2024-08-08 15:30:00+00:00,27,7,15
10m Air Rifle Men,shooting,Shooting,SHO,https://olympics.com/en/paris-2024/sports/shooting,Shooting,2024-07-27 16:00:00+02:00,2024-07-27 17:15:00+02:00,Chateauroux Shooting Ctr,10m Air Rifle Men's Training,M,FINISHED,Saturday,1.25,,,,,27,7,16
Women's Kayak Single,canoe-kayak-slalom,Canoe Slalom,CSL,https://olympics.com/en/paris-2024/sports/canoe-kayak-slalom,Canoe Slalom,2024-07-27 16:00:00+02:00,2024-07-27 17:02:00+02:00,Nautical St - White water,Women's Kayak Single Hts 1st and 2nd Run,W,FINISHED,Saturday,1.0333333333333334,,,,,27,7,16
Women's 60kg,boxing,Boxing,BOX,https://olympics.com/en/paris-2024/sports/boxing,Boxing,2024-07-27 16:18:00+02:00,2024-07-27 16:29:00+02:00,North Paris Arena,Women's 60kg - Prelims - Round of 32,W,FINISHED,Saturday,0.1833333333333333,48.9342,2.3601,2024-07-27 13:30:00+00:00,2024-08-08 15:30:00+00:00,27,7,16
Men's Individual Time Trial,cycling-road,Cycling Road,CRD,https://olympics.com/en/paris-2024/sports/cycling-road,Cycling Road,2024-07-27 16:32:00+02:00,2024-07-27 17:57:00+02:00,Pont Alexandre III,Men's Individual Time Trial,M,FINISHED,Saturday,1.4166666666666667,48.8638,2.3135,2024-07-30 06:00:00+00:00,2024-08-09 08:30:00+00:00,27,7,16
Men's 63.5kg,boxing,Boxing,BOX,https://olympics.com/en/paris-2024/sports/boxing,Boxing,2024-07-27 17:06:00+02:00,2024-07-27 17:17:00+02:00,North Paris Arena,Men's 63.5kg - Prelims - Round of 32,M,FINISHED,Saturday,0.1833333333333333,48.9342,2.3601,2024-07-27 13:30:00+00:00,2024-08-08 15:30:00+00:00,27,7,17
Men's 80kg,boxing,Boxing,BOX,https://olympics.com/en/paris-2024/sports/boxing,Boxing,2024-07-27 17:38:00+02:00,2024-07-27 17:49:00+02:00,North Paris Arena,Men's 80kg - Prelims - Round of 32,M,FINISHED,Saturday,0.1833333333333333,48.9342,2.3601,2024-07-27 13:30:00+00:00,2024-08-08 15:30:00+00:00,27,7,17
Trap Men,shooting,Shooting,SHO,https://olympics.com/en/paris-2024/sports/shooting,Shooting,2024-07-28 09:00:00+02:00,2024-07-28 15:00:00+02:00,Chateauroux Shooting Ctr,Trap Men's Training,M,FINISHED,Sunday,6.0,,,,,28,7,9
Women's Foil Individual,fencing,Fencing,FEN,https://olympics.com/en/paris-2024/sports/fencing,Fencing,2024-07-28 09:30:00+02:00,2024-07-28 10:00:00+02:00,Grand Palais,Women's Foil Individual Table of 64,W,FINISHED,Sunday,0.5,48.8662,2.3124,2024-07-27 08:00:00+00:00,2024-08-10 21:00:00+00:00,28,7,9
Women's Team,artistic-gymnastics,Artistic Gymnastics,GAR,https://olympics.com/en/paris-2024/sports/artistic-gymnastics,Archery,2024-07-28 09:30:00+02:00,2024-07-28 09:53:00+02:00,Invalides,Women's Team 1/8 Elimination Round,W,FINISHED,Sunday,0.3833333333333333,48.8566,2.3122,2024-07-25 07:30:00+00:00,2024-08-04 13:20:00+00:00,28,7,9
Women's Team,table-tennis,Table Tennis,TTE,https://olympics.com/en/paris-2024/sports/table-tennis,Archery,2024-07-28 09:30:00+02:00,2024-07-28 09:53:00+02:00,Invalides,Women's Team 1/8 Elimination Round,W,FINISHED,Sunday,0.3833333333333333,48.8566,2.3122,2024-07-25 07:30:00+00:00,2024-08-04 13:20:00+00:00,28,7,9
Women's Team,archery,Archery,ARC,https://olympics.com/en/paris-2024/sports/archery,Archery,2024-07-28 09:30:00+02:00,2024-07-28 09:53:00+02:00,Invalides,Women's Team 1/8 Elimination Round,W,FINISHED,Sunday,0.3833333333333333,48.8566,2.3122,2024-07-25 07:30:00+00:00,2024-08-04 13:20:00+00:00,28,7,9
Women -52 kg,judo,Judo,JUD,https://olympics.com/en/paris-2024/sports/judo,Judo,2024-07-28 10:00:00+02:00,2024-07-28 10:06:00+02:00,Champ-de-Mars Arena,Women -52 kg Elimination Round of 32,W,FINISHED,Sunday,0.1,,,,,28,7,10
Men -66 kg,judo,Judo,JUD,https://olympics.com/en/paris-2024/sports/judo,Judo,2024-07-28 10:00:00+02:00,2024-07-28 10:06:00+02:00,Champ-de-Mars Arena,Men -66 kg Elimination Round of 32,M,FINISHED,Sunday,0.1,,,,,28,7,10
Men's Épée Individual,fencing,Fencing,FEN,https://olympics.com/en/paris-2024/sports/fencing,Fencing,2024-07-28 10:00:00+02:00,2024-07-28 10:25:00+02:00,Grand Palais,Men's Épée Individual Table of 64,M,FINISHED,Sunday,0.4166666666666667,48.8662,2.3124,2024-07-27 08:00:00+00:00,2024-08-10 21:00:00+00:00,28,7,10
Women's Pair,rowing,Rowing,ROW,https://olympics.com/en/paris-2024/sports/rowing,Rowing,2024-07-28 10:30:00+02:00,2024-07-28 10:57:00+02:00,Nautical St - Flat water,Women's Pair Heats,W,FINISHED,Sunday,0.45,,,,,28,7,10
Men's 51kg,boxing,Boxing,BOX,https://olympics.com/en/paris-2024/sports/boxing,Boxing,2024-07-28 11:00:00+02:00,2024-07-28 11:11:00+02:00,North Paris Arena,Men's 51kg - Prelims - Round of 32,M,FINISHED,Sunday,0.1833333333333333,48.9342,2.3601,2024-07-27 13:30:00+00:00,2024-08-08 15:30:00+00:00,28,7,11
Men's 200m Freestyle,swimming,Swimming,SWM,https://olympics.com/en/paris-2024/sports/swimming,Swimming,2024-07-28 11:00:00+02:00,2024-07-28 11:14:00+02:00,Paris La Defense Arena,Men's 200m Freestyle - Heats,M,FINISHED,Sunday,0.2333333333333333,48.8566,2.3522,2024-07-27 09:00:00+00:00,2024-08-11 13:50:00+00:00,28,7,11
Men's Pair,rowing,Rowing,ROW,https://olympics.com/en/paris-2024/sports/rowing,Rowing,2024-07-28 11:00:00+02:00,2024-07-28 11:27:00+02:00,Nautical St - Flat water,Men's Pair Heats,M,FINISHED,Sunday,0.45,,,,,28,7,11
Men's 400m Individual Medley,swimming,Swimming,SWM,https://olympics.com/en/paris-2024/sports/swimming,Swimming,2024-07-28 11:15:00+02:00,2024-07-28 11:27:00+02:00,Paris La Defense Arena,Men's 400m Individual Medley - Heats,M,FINISHED,Sunday,0.2,48.8566,2.3522,2024-07-27 09:00:00+00:00,2024-08-11 13:50:00+00:00,28,7,11
Men's 71kg,boxing,Boxing,BOX,https://olympics.com/en/paris-2024/sports/boxing,Boxing,2024-07-28 11:16:00+02:00,2024-07-28 11:27:00+02:00,North Paris Arena,Men's 71kg - Prelims - Round of 32,M,FINISHED,Sunday,0.1833333333333333,48.9342,2.3601,2024-07-27 13:30:00+00:00,2024-08-08 15:30:00+00:00,28,7,11
Women's 100m Breaststroke,swimming,Swimming,SWM,https://olympics.com/en/paris-2024/sports/swimming,Swimming,2024-07-28 11:27:00+02:00,2024-07-28 11:42:00+02:00,Paris La Defense Arena,Women's 100m Breaststroke - Heats,W,FINISHED,Sunday,0.25,48.8566,2.3522,2024-07-27 09:00:00+00:00,2024-08-11 13:50:00+00:00,28,7,11
Lightweight Women's Double Sculls,rowing,Rowing,ROW,https://olympics.com/en/paris-2024/sports/rowing,Rowing,2024-07-28 11:30:00+02:00,2024-07-28 11:57:00+02:00,Nautical St - Flat water,LWT Women's Double Sculls Heats,W,FINISHED,Sunday,0.45,,,,,28,7,11
Men's 100m Backstroke,swimming,Swimming,SWM,https://olympics.com/en/paris-2024/sports/swimming,Swimming,2024-07-28 11:43:00+02:00,2024-07-28 11:59:00+02:00,Paris La Defense Arena,Men's 100m Backstroke - Heats,M,FINISHED,Sunday,0.2666666666666666,48.8566,2.3522,2024-07-27 09:00:00+00:00,2024-08-11 13:50:00+00:00,28,7,11
Men's 92kg,boxing,Boxing,BOX,https://olympics.com/en/paris-2024/sports/boxing,Boxing,2024-07-28 11:48:00+02:00,2024-07-28 11:59:00+02:00,North Paris Arena,Men's 92kg - Prelims - Round of 16,M,FINISHED,Sunday,0.1833333333333333,48.9342,2.3601,2024-07-27 13:30:00+00:00,2024-08-08 15:30:00+00:00,28,7,11
Women's Street,skateboarding,Skateboarding,SKB,https://olympics.com/en/paris-2024/sports/skateboarding,Skateboarding,2024-07-28 12:00:00+02:00,2024-07-28 15:50:00+02:00,La Concorde 3,Women's Street Prelims,W,FINISHED,Sunday,3.8333333333333335,,,,,28,7,12
Lightweight Men's Double Sculls,rowing,Rowing,ROW,https://olympics.com/en/paris-2024/sports/rowing,Rowing,2024-07-28 12:00:00+02:00,2024-07-28 12:27:00+02:00,Nautical St - Flat water,LWT Men's Double Sculls Heats,M,FINISHED,Sunday,0.45,,,,,28,7,12
Women's 200m Freestyle,swimming,Swimming,SWM,https://olympics.com/en/paris-2024/sports/swimming,Swimming,2024-07-28 12:00:00+02:00,2024-07-28 12:16:00+02:00,Paris La Defense Arena,Women's 200m Freestyle - Heats,W,FINISHED,Sunday,0.2666666666666666,48.8566,2.3522,2024-07-27 09:00:00+00:00,2024-08-11 13:50:00+00:00,28,7,12
Women's 50kg,boxing,Boxing,BOX,https://olympics.com/en/paris-2024/sports/boxing,Boxing,2024-07-28 12:20:00+02:00,2024-07-28 12:31:00+02:00,North Paris Arena,Women's 50kg - Prelims - Round of 32,W,FINISHED,Sunday,0.1833333333333333,48.9342,2.3601,2024-07-27 13:30:00+00:00,2024-08-08 15:30:00+00:00,28,7,12
Women's Four,rowing,Rowing,ROW,https://olympics.com/en/paris-2024/sports/rowing,Rowing,2024-07-28 12:30:00+02:00,2024-07-28 12:47:00+02:00,Nautical St - Flat water,Women's Four Heats,W,FINISHED,Sunday,0.2833333333333333,,,,,28,7,12
Women's Skiff,sailing,Sailing,SAL,https://olympics.com/en/paris-2024/sports/sailing,Sailing,2024-07-28 12:35:00+02:00,2024-07-28 13:10:00+02:00,Marseille Marina,Women's Skiff Opening Series,W,FINISHED,Sunday,0.5833333333333334,48.8566,2.3522,2024-07-28 09:00:00+00:00,2024-08-08 17:00:00+00:00,28,7,12
Men's Four,rowing,Rowing,ROW,https://olympics.com/en/paris-2024/sports/rowing,Rowing,2024-07-28 12:50:00+02:00,2024-07-28 13:07:00+02:00,Nautical St - Flat water,Men's Four Heats,M,FINISHED,Sunday,0.2833333333333333,,,,,28,7,12
Women's 66kg,boxing,Boxing,BOX,https://olympics.com/en/paris-2024/sports/boxing,Boxing,2024-07-28 12:52:00+02:00,2024-07-28 13:03:00+02:00,North Paris Arena,Women's 66kg - Prelims - Round of 32,W,FINISHED,Sunday,0.1833333333333333,48.9342,2.3601,2024-07-27 13:30:00+00:00,2024-08-08 15:30:00+00:00,28,7,12
Men's Skiff,sailing,Sailing,SAL,https://olympics.com/en/paris-2024/sports/sailing,Sailing,2024-07-28 13:15:00+02:00,2024-07-28 13:50:00+02:00,Marseille Marina,Men's Skiff Opening Series,M,FINISHED,Sunday,0.5833333333333334,48.8566,2.3522,2024-07-28 09:00:00+00:00,2024-08-08 17:00:00+00:00,28,7,13
10m Air Pistol Mixed Team,shooting,Shooting,SHO,https://olympics.com/en/paris-2024/sports/shooting,Shooting,2024-07-28 14:00:00+02:00,2024-07-28 14:30:00+02:00,Chateauroux Shooting Ctr,10m Air Pistol Mixed Team Training,X,FINISHED,Sunday,0.5,,,,,28,7,14
Women's Cross-country,cycling-mountain-bike,Cycling Mountain Bike,MTB,https://olympics.com/en/paris-2024/sports/cycling-mountain-bike,Cycling Mountain Bike,2024-07-28 14:10:00+02:00,2024-07-28 15:40:00+02:00,Elancourt Hill,Women's Cross-country,W,FINISHED,Sunday,1.5,48.8566,2.3522,2024-07-28 12:00:00+00:00,2024-07-29 14:30:00+00:00,28,7,14
Men's 57kg,boxing,Boxing,BOX,https://olympics.com/en/paris-2024/sports/boxing,Boxing,2024-07-28 15:30:00+02:00,2024-07-28 15:41:00+02:00,North Paris Arena,Men's 57kg - Prelims - Round of 32,M,FINISHED,Sunday,0.1833333333333333,48.9342,2.3601,2024-07-27 13:30:00+00:00,2024-08-08 15:30:00+00:00,28,7,15
Women's Sabre Individual,fencing,Fencing,FEN,https://olympics.com/en/paris-2024/sports/fencing,Fencing,2024-07-29 09:00:00+02:00,2024-07-29 09:25:00+02:00,Grand Palais,Women's Sabre Individual Table of 64,W,FINISHED,Monday,0.4166666666666667,48.8662,2.3124,2024-07-27 08:00:00+00:00,2024-08-10 21:00:00+00:00,29,7,9
Men's Foil Individual,fencing,Fencing,FEN,https://olympics.com/en/paris-2024/sports/fencing,Fencing,2024-07-29 09:25:00+02:00,2024-07-29 09:55:00+02:00,Grand Palais,Men's Foil Individual Table of 64,M,FINISHED,Monday,0.5,48.8662,2.3124,2024-07-27 08:00:00+00:00,2024-08-10 21:00:00+00:00,29,7,9
Men's Team,table-tennis,Table Tennis,TTE,https://olympics.com/en/paris-2024/sports/table-tennis,Archery,2024-07-29 09:30:00+02:00,2024-07-29 09:53:00+02:00,Invalides,Men's Team 1/8 Elimination Round,M,FINISHED,Monday,0.3833333333333333,48.8566,2.3122,2024-07-25 07:30:00+00:00,2024-08-04 13:20:00+00:00,29,7,9
Men's Team,artistic-gymnastics,Artistic Gymnastics,GAR,https://olympics.com/en/paris-2024/sports/artistic-gymnastics,Archery,2024-07-29 09:30:00+02:00,2024-07-29 09:53:00+02:00,Invalides,Men's Team 1/8 Elimination Round,M,FINISHED,Monday,0.3833333333333333,48.8566,2.3122,2024-07-25 07:30:00+00:00,2024-08-04 13:20:00+00:00,29,7,9
Men's Team,archery,Archery,ARC,https://olympics.com/en/paris-2024/sports/archery,Archery,2024-07-29 09:30:00+02:00,2024-07-29 09:53:00+02:00,Invalides,Men's Team 1/8 Elimination Round,M,FINISHED,Monday,0.3833333333333333,48.8566,2.3122,2024-07-25 07:30:00+00:00,2024-08-04 13:20:00+00:00,29,7,9
Women -57 kg,judo,Judo,JUD,https://olympics.com/en/paris-2024/sports/judo,Judo,2024-07-29 10:00:00+02:00,2024-07-29 10:06:00+02:00,Champ-de-Mars Arena,Women -57 kg Elimination Round of 32,W,FINISHED,Monday,0.1,,,,,29,7,10
Men -73 kg,judo,Judo,JUD,https://olympics.com/en/paris-2024/sports/judo,Judo,2024-07-29 10:00:00+02:00,2024-07-29 10:06:00+02:00,Champ-de-Mars Arena,Men -73 kg Elimination Round of 32,M,FINISHED,Monday,0.1,,,,,29,7,10
Men's Synchronised 10m Platform,diving,Diving,DIV,https://olympics.com/en/paris-2024/sports/diving,Diving,2024-07-29 11:00:00+02:00,2024-07-29 11:56:00+02:00,Aquatics Centre,Men's Synchronised 10m Platform,M,FINISHED,Monday,0.9333333333333332,48.9279,2.3619,2024-07-27 09:00:00+00:00,2024-08-10 20:00:00+00:00,29,7,11
Women's 400m Individual Medley,swimming,Swimming,SWM,https://olympics.com/en/paris-2024/sports/swimming,Swimming,2024-07-29 11:00:00+02:00,2024-07-29 11:12:00+02:00,Paris La Defense Arena,Women's 400m Individual Medley - Heats,W,FINISHED,Monday,0.2,48.8566,2.3522,2024-07-27 09:00:00+00:00,2024-08-11 13:50:00+00:00,29,7,11
Women's 100m Backstroke,swimming,Swimming,SWM,https://olympics.com/en/paris-2024/sports/swimming,Swimming,2024-07-29 11:13:00+02:00,2024-07-29 11:27:00+02:00,Paris La Defense Arena,Women's 100m Backstroke - Heats,W,FINISHED,Monday,0.2333333333333333,48.8566,2.3522,2024-07-27 09:00:00+00:00,2024-08-11 13:50:00+00:00,29,7,11
Men's 800m Freestyle,swimming,Swimming,SWM,https://olympics.com/en/paris-2024/sports/swimming,Swimming,2024-07-29 11:28:00+02:00,2024-07-29 12:07:00+02:00,Paris La Defense Arena,Men's 800m Freestyle - Heats,M,FINISHED,Monday,0.65,48.8566,2.3522,2024-07-27 09:00:00+00:00,2024-08-11 13:50:00+00:00,29,7,11
Men's Eight,rowing,Rowing,ROW,https://olympics.com/en/paris-2024/sports/rowing,Rowing,2024-07-29 11:40:00+02:00,2024-07-29 11:57:00+02:00,Nautical St - Flat water,Men's Eight Heats,M,FINISHED,Monday,0.2833333333333333,,,,,29,7,11
Men's Street,skateboarding,Skateboarding,SKB,https://olympics.com/en/paris-2024/sports/skateboarding,Skateboarding,2024-07-29 12:00:00+02:00,2024-07-29 15:50:00+02:00,La Concorde 3,Men's Street Prelims,M,FINISHED,Monday,3.8333333333333335,,,,,29,7,12
Women's Eight,rowing,Rowing,ROW,https://olympics.com/en/paris-2024/sports/rowing,Rowing,2024-07-29 12:00:00+02:00,2024-07-29 12:17:00+02:00,Nautical St - Flat water,Women's Eight Heats,W,FINISHED,Monday,0.2833333333333333,,,,,29,7,12
Women's Windsurfing,sailing,Sailing,SAL,https://olympics.com/en/paris-2024/sports/sailing,Sailing,2024-07-29 12:03:00+02:00,2024-07-29 12:12:00+02:00,Marseille Marina,Women's Windsurfing Opening Series,W,FINISHED,Monday,0.15,48.8566,2.3522,2024-07-28 09:00:00+00:00,2024-08-08 17:00:00+00:00,29,7,12
Men's Windsurfing,sailing,Sailing,SAL,https://olympics.com/en/paris-2024/sports/sailing,Sailing,2024-07-29 12:23:00+02:00,2024-07-29 12:32:00+02:00,Marseille Marina,Men's Windsurfing Opening Series,M,FINISHED,Monday,0.15,48.8566,2.3522,2024-07-28 09:00:00+00:00,2024-08-08 17:00:00+00:00,29,7,12
Men's +92kg,boxing,Boxing,BOX,https://olympics.com/en/paris-2024/sports/boxing,Boxing,2024-07-29 12:36:00+02:00,2024-07-29 12:47:00+02:00,North Paris Arena,Men's +92kg - Prelims - Round of 16,M,FINISHED,Monday,0.1833333333333333,48.9342,2.3601,2024-07-27 13:30:00+00:00,2024-08-08 15:30:00+00:00,29,7,12
Men's Cross-country,cycling-mountain-bike,Cycling Mountain Bike,MTB,https://olympics.com/en/paris-2024/sports/cycling-mountain-bike,Cycling Mountain Bike,2024-07-29 14:10:00+02:00,2024-07-29 15:40:00+02:00,Elancourt Hill,Men's Cross-country,M,FINISHED,Monday,1.5,48.8566,2.3522,2024-07-28 12:00:00+00:00,2024-07-29 14:30:00+00:00,29,7,14
Trap Women,shooting,Shooting,SHO,https://olympics.com/en/paris-2024/sports/shooting,Shooting,2024-07-29 14:30:00+02:00,2024-07-29 18:15:00+02:00,Chateauroux Shooting Ctr,Trap Women's Training,W,FINISHED,Monday,3.75,,,,,29,7,14
Men -81 kg,judo,Judo,JUD,https://olympics.com/en/paris-2024/sports/judo,Judo,2024-07-30 10:00:00+02:00,2024-07-30 10:06:00+02:00,Champ-de-Mars Arena,Men -81 kg Elimination Round of 64,M,FINISHED,Tuesday,0.1,,,,,30,7,10
Women -63 kg,judo,Judo,JUD,https://olympics.com/en/paris-2024/sports/judo,Judo,2024-07-30 10:00:00+02:00,2024-07-30 10:06:00+02:00,Champ-de-Mars Arena,Women -63 kg Elimination Round of 32,W,FINISHED,Tuesday,0.1,,,,,30,7,10
Dressage Individual,equestrian,Equestrian,EQU,https://olympics.com/en/paris-2024/sports/equestrian,Equestrian,2024-07-30 11:00:00+02:00,2024-07-30 16:30:00+02:00,Château de Versailles,Dressage Individual Grand Prix,O,FINISHED,Tuesday,5.5,48.8049,2.1204,2024-07-27 07:30:00+00:00,2024-08-11 11:30:00+00:00,30,7,11
Dressage Team,equestrian,Equestrian,EQU,https://olympics.com/en/paris-2024/sports/equestrian,Equestrian,2024-07-30 11:00:00+02:00,2024-07-30 16:30:00+02:00,Château de Versailles,Dressage Team Grand Prix,O,FINISHED,Tuesday,5.5,48.8049,2.1204,2024-07-27 07:30:00+00:00,2024-08-11 11:30:00+00:00,30,7,11
Men's 200m Butterfly,swimming,Swimming,SWM,https://olympics.com/en/paris-2024/sports/swimming,Swimming,2024-07-30 11:00:00+02:00,2024-07-30 11:16:00+02:00,Paris La Defense Arena,Men's 200m Butterfly - Heats,M,FINISHED,Tuesday,0.2666666666666666,48.8566,2.3522,2024-07-27 09:00:00+00:00,2024-08-11 13:50:00+00:00,30,7,11
Men's 100m Freestyle,swimming,Swimming,SWM,https://olympics.com/en/paris-2024/sports/swimming,Swimming,2024-07-30 11:17:00+02:00,2024-07-30 11:48:00+02:00,Paris La Defense Arena,Men's 100m Freestyle - Heats,M,FINISHED,Tuesday,0.5166666666666667,48.8566,2.3522,2024-07-27 09:00:00+00:00,2024-08-11 13:50:00+00:00,30,7,11
Women's 1500m Freestyle,swimming,Swimming,SWM,https://olympics.com/en/paris-2024/sports/swimming,Swimming,2024-07-30 11:51:00+02:00,2024-07-30 12:47:00+02:00,Paris La Defense Arena,Women's 1500m Freestyle - Heats,W,FINISHED,Tuesday,0.9333333333333332,48.8566,2.3522,2024-07-27 09:00:00+00:00,2024-08-11 13:50:00+00:00,30,7,11
Women's 100m Freestyle,swimming,Swimming,SWM,https://olympics.com/en/paris-2024/sports/swimming,Swimming,2024-07-30 12:47:00+02:00,2024-07-30 13:00:00+02:00,Paris La Defense Arena,Women's 100m Freestyle - Heats,W,FINISHED,Tuesday,0.2166666666666666,48.8566,2.3522,2024-07-27 09:00:00+00:00,2024-08-11 13:50:00+00:00,30,7,12
Men's 200m Breaststroke,swimming,Swimming,SWM,https://olympics.com/en/paris-2024/sports/swimming,Swimming,2024-07-30 13:01:00+02:00,2024-07-30 13:19:00+02:00,Paris La Defense Arena,Men's 200m Breaststroke - Heats,M,FINISHED,Tuesday,0.3,48.8566,2.3522,2024-07-27 09:00:00+00:00,2024-08-11 13:50:00+00:00,30,7,13
Women's 57kg,boxing,Boxing,BOX,https://olympics.com/en/paris-2024/sports/boxing,Boxing,2024-07-30 13:08:00+02:00,2024-07-30 13:19:00+02:00,North Paris Arena,Women's 57kg - Prelims - Round of 32,W,FINISHED,Tuesday,0.1833333333333333,48.9342,2.3601,2024-07-27 13:30:00+00:00,2024-08-08 15:30:00+00:00,30,7,13
Men's 4 x 200m Freestyle Relay,swimming,Swimming,SWM,https://olympics.com/en/paris-2024/sports/swimming,Swimming,2024-07-30 13:20:00+02:00,2024-07-30 13:39:00+02:00,Paris La Defense Arena,Men's 4 x 200m Freestyle Relay - Heats,M,FINISHED,Tuesday,0.3166666666666666,48.8566,2.3522,2024-07-27 09:00:00+00:00,2024-08-11 13:50:00+00:00,30,7,13
Women's Park,skateboarding,Skateboarding,SKB,https://olympics.com/en/paris-2024/sports/skateboarding,Cycling BMX Freestyle,2024-07-30 13:25:01+02:00,2024-07-30 14:41:00+02:00,La Concorde 2,Women's Park Qualification,W,FINISHED,Tuesday,1.2663888888888888,,,,,30,7,13
Women's Park,cycling-bmx-freestyle,Cycling BMX Freestyle,BMF,https://olympics.com/en/paris-2024/sports/cycling-bmx-freestyle,Cycling BMX Freestyle,2024-07-30 13:25:01+02:00,2024-07-30 14:41:00+02:00,La Concorde 2,Women's Park Qualification,W,FINISHED,Tuesday,1.2663888888888888,,,,,30,7,13
Women's Épée Team,fencing,Fencing,FEN,https://olympics.com/en/paris-2024/sports/fencing,Fencing,2024-07-30 13:30:00+02:00,2024-07-30 14:20:00+02:00,Grand Palais,Women's Épée Team Table of 8,W,FINISHED,Tuesday,0.8333333333333334,48.8662,2.3124,2024-07-27 08:00:00+00:00,2024-08-10 21:00:00+00:00,30,7,13
Women's Canoe Single,canoe-kayak-slalom,Canoe Slalom,CSL,https://olympics.com/en/paris-2024/sports/canoe-kayak-slalom,Canoe Slalom,2024-07-30 15:00:00+02:00,2024-07-30 15:42:00+02:00,Nautical St - White water,Women's Canoe Single Hts 1st and 2nd Run,W,FINISHED,Tuesday,0.7,,,,,30,7,15
Men's Park,skateboarding,Skateboarding,SKB,https://olympics.com/en/paris-2024/sports/skateboarding,Cycling BMX Freestyle,2024-07-30 15:11:45+02:00,2024-07-30 16:27:45+02:00,La Concorde 2,Men's Park Qualification,M,FINISHED,Tuesday,1.2666666666666666,,,,,30,7,15
Men's Park,cycling-bmx-freestyle,Cycling BMX Freestyle,BMF,https://olympics.com/en/paris-2024/sports/cycling-bmx-freestyle,Cycling BMX Freestyle,2024-07-30 15:11:45+02:00,2024-07-30 16:27:45+02:00,La Concorde 2,Men's Park Qualification,M,FINISHED,Tuesday,1.2666666666666666,,,,,30,7,15
Men's Kayak Single,canoe-kayak-slalom,Canoe Slalom,CSL,https://olympics.com/en/paris-2024/sports/canoe-kayak-slalom,Canoe Slalom,2024-07-30 15:50:00+02:00,2024-07-30 16:30:00+02:00,Nautical St - White water,Men's Kayak Single Heats 1st and 2nd Run,M,FINISHED,Tuesday,0.6666666666666666,,,,,30,7,15
50m Rifle 3 Positions Men,shooting,Shooting,SHO,https://olympics.com/en/paris-2024/sports/shooting,Shooting,2024-07-30 17:45:00+02:00,2024-07-30 19:15:00+02:00,Chateauroux Shooting Ctr,50m Rifle 3 Positions Men's Training,M,FINISHED,Tuesday,1.5,,,,,30,7,17
Women -70 kg,judo,Judo,JUD,https://olympics.com/en/paris-2024/sports/judo,Judo,2024-07-31 10:00:00+02:00,2024-07-31 10:06:00+02:00,Champ-de-Mars Arena,Women -70 kg Elimination Round of 32,W,FINISHED,Wednesday,0.1,,,,,31,7,10
Men -90 kg,judo,Judo,JUD,https://olympics.com/en/paris-2024/sports/judo,Judo,2024-07-31 10:00:00+02:00,2024-07-31 10:06:00+02:00,Champ-de-Mars Arena,Men -90 kg Elimination Round of 32,M,FINISHED,Wednesday,0.1,,,,,31,7,10
Women's Synchronised 10m Platform,diving,Diving,DIV,https://olympics.com/en/paris-2024/sports/diving,Diving,2024-07-31 11:00:00+02:00,2024-07-31 11:47:00+02:00,Aquatics Centre,Women's Synchronised 10m Platform,W,FINISHED,Wednesday,0.7833333333333333,48.9279,2.3619,2024-07-27 09:00:00+00:00,2024-08-10 20:00:00+00:00,31,7,11
Women's 200m Breaststroke,swimming,Swimming,SWM,https://olympics.com/en/paris-2024/sports/swimming,Swimming,2024-07-31 11:00:00+02:00,2024-07-31 11:21:00+02:00,Paris La Defense Arena,Women's 200m Breaststroke - Heats,W,FINISHED,Wednesday,0.35,48.8566,2.3522,2024-07-27 09:00:00+00:00,2024-08-11 13:50:00+00:00,31,7,11
Men's 200m Backstroke,swimming,Swimming,SWM,https://olympics.com/en/paris-2024/sports/swimming,Swimming,2024-07-31 11:21:00+02:00,2024-07-31 11:46:00+02:00,Paris La Defense Arena,Men's 200m Backstroke - Heats,M,FINISHED,Wednesday,0.4166666666666667,48.8566,2.3522,2024-07-27 09:00:00+00:00,2024-08-11 13:50:00+00:00,31,7,11
Women's 200m Butterfly,swimming,Swimming,SWM,https://olympics.com/en/paris-2024/sports/swimming,Swimming,2024-07-31 11:46:00+02:00,2024-07-31 12:06:00+02:00,Paris La Defense Arena,Women's 200m Butterfly - Heats,W,FINISHED,Wednesday,0.3333333333333333,48.8566,2.3522,2024-07-27 09:00:00+00:00,2024-08-11 13:50:00+00:00,31,7,11
Women's 75kg,boxing,Boxing,BOX,https://olympics.com/en/paris-2024/sports/boxing,Boxing,2024-07-31 12:04:00+02:00,2024-07-31 12:15:00+02:00,North Paris Arena,Women's 75kg - Prelims - Round of 16,W,FINISHED,Wednesday,0.1833333333333333,48.9342,2.3601,2024-07-27 13:30:00+00:00,2024-08-08 15:30:00+00:00,31,7,12
Men's Sabre Team,fencing,Fencing,FEN,https://olympics.com/en/paris-2024/sports/fencing,Fencing,2024-07-31 13:30:00+02:00,2024-07-31 14:20:00+02:00,Grand Palais,Men's Sabre Team Table of 8,M,FINISHED,Wednesday,0.8333333333333334,48.8662,2.3124,2024-07-27 08:00:00+00:00,2024-08-10 21:00:00+00:00,31,7,13
Men's All-Around,artistic-gymnastics,Artistic Gymnastics,GAR,https://olympics.com/en/paris-2024/sports/artistic-gymnastics,Artistic Gymnastics,2024-07-31 17:30:00+02:00,2024-07-31 20:00:54+02:00,Bercy Arena,Men's All-Around Final,M,FINISHED,Wednesday,2.515,48.8394,2.3791,2024-07-27 09:00:00+00:00,2024-08-11 16:00:00+00:00,31,7,17
50m Rifle 3 Positions Women,shooting,Shooting,SHO,https://olympics.com/en/paris-2024/sports/shooting,Shooting,2024-07-31 17:45:00+02:00,2024-07-31 19:15:00+02:00,Chateauroux Shooting Ctr,50m Rifle 3 Pos. Women's Training,W,FINISHED,Wednesday,1.5,,,,,31,7,17
Men's 20km Race Walk,athletics,Athletics,ATH,https://olympics.com/en/paris-2024/sports/athletics,Athletics,2024-08-01 08:00:00+02:00,2024-08-01 09:35:00+02:00,Trocadéro,Men's 20km Race Walk Final,M,FINISHED,Thursday,1.5833333333333333,48.862,2.2876,2024-08-01 05:30:00+00:00,2024-08-07 08:50:00+00:00,1,8,8
Skeet Men,shooting,Shooting,SHO,https://olympics.com/en/paris-2024/sports/shooting,Shooting,2024-08-01 09:00:00+02:00,2024-08-01 14:00:00+02:00,Chateauroux Shooting Ctr,Skeet Men's Training,M,FINISHED,Thursday,5.0,,,,,1,8,9
25m Pistol Women,shooting,Shooting,SHO,https://olympics.com/en/paris-2024/sports/shooting,Shooting,2024-08-01 09:00:00+02:00,2024-08-01 14:00:00+02:00,Chateauroux Shooting Ctr,25m Pistol Women's Training,W,FINISHED,Thursday,5.0,,,,,1,8,9
Men's Individual Stroke Play,golf,Golf,GLF,https://olympics.com/en/paris-2024/sports/golf,Golf,2024-08-01 09:00:00+02:00,2024-08-01 18:00:00+02:00,Le Golf National,Men's Individual Stroke Play,M,FINISHED,Thursday,9.0,,,,,1,8,9
Women's 20km Race Walk,athletics,Athletics,ATH,https://olympics.com/en/paris-2024/sports/athletics,Athletics,2024-08-01 09:50:00+02:00,2024-08-01 11:35:00+02:00,Trocadéro,Women's 20km Race Walk Final,W,FINISHED,Thursday,1.75,48.862,2.2876,2024-08-01 05:30:00+00:00,2024-08-07 08:50:00+00:00,1,8,9
Women -78 kg,judo,Judo,JUD,https://olympics.com/en/paris-2024/sports/judo,Judo,2024-08-01 10:00:00+02:00,2024-08-01 10:06:00+02:00,Champ-de-Mars Arena,Women -78 kg Elimination Round of 32,W,FINISHED,Thursday,0.1,,,,,1,8,10
Men -100 kg,judo,Judo,JUD,https://olympics.com/en/paris-2024/sports/judo,Judo,2024-08-01 10:00:00+02:00,2024-08-01 10:06:00+02:00,Champ-de-Mars Arena,Men -100 kg Elimination Round of 32,M,FINISHED,Thursday,0.1,,,,,1,8,10
Women's 200m Backstroke,swimming,Swimming,SWM,https://olympics.com/en/paris-2024/sports/swimming,Swimming,2024-08-01 11:00:00+02:00,2024-08-01 11:17:00+02:00,Paris La Defense Arena,Women's 200m Backstroke - Heats,W,FINISHED,Thursday,0.2833333333333333,48.8566,2.3522,2024-07-27 09:00:00+00:00,2024-08-11 13:50:00+00:00,1,8,11
Jumping Team,equestrian,Equestrian,EQU,https://olympics.com/en/paris-2024/sports/equestrian,Equestrian,2024-08-01 11:00:00+02:00,2024-08-01 14:00:00+02:00,Château de Versailles,Jumping Team Qualifier,O,FINISHED,Thursday,3.0,48.8049,2.1204,2024-07-27 07:30:00+00:00,2024-08-11 11:30:00+00:00,1,8,11
Men's 50m Freestyle,swimming,Swimming,SWM,https://olympics.com/en/paris-2024/sports/swimming,Swimming,2024-08-01 11:18:00+02:00,2024-08-01 11:45:00+02:00,Paris La Defense Arena,Men's 50m Freestyle - Heats,M,FINISHED,Thursday,0.45,48.8566,2.3522,2024-07-27 09:00:00+00:00,2024-08-11 13:50:00+00:00,1,8,11
Men's 200m Individual Medley,swimming,Swimming,SWM,https://olympics.com/en/paris-2024/sports/swimming,Swimming,2024-08-01 11:47:00+02:00,2024-08-01 12:04:00+02:00,Paris La Defense Arena,Men's 200m Individual Medley - Heats,M,FINISHED,Thursday,0.2833333333333333,48.8566,2.3522,2024-07-27 09:00:00+00:00,2024-08-11 13:50:00+00:00,1,8,11
Women's Foil Team,fencing,Fencing,FEN,https://olympics.com/en/paris-2024/sports/fencing,Fencing,2024-08-01 11:50:00+02:00,2024-08-01 13:00:00+02:00,Grand Palais,Women's Foil Team Table of 8,W,FINISHED,Thursday,1.1666666666666667,48.8662,2.3124,2024-07-27 08:00:00+00:00,2024-08-10 21:00:00+00:00,1,8,11
Women's 4 x 200m Freestyle Relay,swimming,Swimming,SWM,https://olympics.com/en/paris-2024/sports/swimming,Swimming,2024-08-01 12:05:00+02:00,2024-08-01 12:26:00+02:00,Paris La Defense Arena,Women's 4 x 200m Freestyle Relay - Heats,W,FINISHED,Thursday,0.35,48.8566,2.3522,2024-07-27 09:00:00+00:00,2024-08-11 13:50:00+00:00,1,8,12
Men's Dinghy,sailing,Sailing,SAL,https://olympics.com/en/paris-2024/sports/sailing,Sailing,2024-08-01 12:15:00+02:00,2024-08-01 13:06:00+02:00,Marseille Marina,Men's Dinghy Opening Series,M,FINISHED,Thursday,0.85,48.8566,2.3522,2024-07-28 09:00:00+00:00,2024-08-08 17:00:00+00:00,1,8,12
Women's Dinghy,sailing,Sailing,SAL,https://olympics.com/en/paris-2024/sports/sailing,Sailing,2024-08-01 15:35:00+02:00,2024-08-01 16:26:00+02:00,Marseille Marina,Women's Dinghy Opening Series,W,FINISHED,Thursday,0.85,48.8566,2.3522,2024-07-28 09:00:00+00:00,2024-08-08 17:00:00+00:00,1,8,15
Women's All-Around,artistic-gymnastics,Artistic Gymnastics,GAR,https://olympics.com/en/paris-2024/sports/artistic-gymnastics,Artistic Gymnastics,2024-08-01 18:15:00+02:00,2024-08-01 20:10:09+02:00,Bercy Arena,Women's All-Around Final,W,FINISHED,Thursday,1.919166666666667,48.8394,2.3791,2024-07-27 09:00:00+00:00,2024-08-11 16:00:00+00:00,1,8,18
Mixed Team,judo,Judo,JUD,https://olympics.com/en/paris-2024/sports/judo,Archery,2024-08-02 09:30:00+02:00,2024-08-02 09:49:00+02:00,Invalides,Mixed Team 1/8 Elimination Round,X,FINISHED,Friday,0.3166666666666666,48.8566,2.3122,2024-07-25 07:30:00+00:00,2024-08-04 13:20:00+00:00,2,8,9
Mixed Team,archery,Archery,ARC,https://olympics.com/en/paris-2024/sports/archery,Archery,2024-08-02 09:30:00+02:00,2024-08-02 09:49:00+02:00,Invalides,Mixed Team 1/8 Elimination Round,X,FINISHED,Friday,0.3166666666666666,48.8566,2.3122,2024-07-25 07:30:00+00:00,2024-08-04 13:20:00+00:00,2,8,9
Women +78 kg,judo,Judo,JUD,https://olympics.com/en/paris-2024/sports/judo,Judo,2024-08-02 10:00:00+02:00,2024-08-02 10:06:00+02:00,Champ-de-Mars Arena,Women +78 kg Elimination Round of 32,W,FINISHED,Friday,0.1,,,,,2,8,10
Men +100 kg,judo,Judo,JUD,https://olympics.com/en/paris-2024/sports/judo,Judo,2024-08-02 10:00:00+02:00,2024-08-02 10:06:00+02:00,Champ-de-Mars Arena,Men +100 kg Elimination Round of 32,M,FINISHED,Friday,0.1,,,,,2,8,10
Men's Decathlon,athletics,Athletics,ATH,https://olympics.com/en/paris-2024/sports/athletics,Athletics,2024-08-02 10:05:00+02:00,2024-08-02 10:22:00+02:00,Stade de France,Men's Decathlon 100m,M,FINISHED,Friday,0.2833333333333333,48.9244,2.3601,2024-07-24 13:30:00+00:00,2024-08-10 20:30:00+00:00,2,8,10
Men's Hammer Throw,athletics,Athletics,ATH,https://olympics.com/en/paris-2024/sports/athletics,Athletics,2024-08-02 10:10:00+02:00,2024-08-02 11:06:00+02:00,Stade de France,Men's Hammer Throw Qualification,M,FINISHED,Friday,0.9333333333333332,48.9244,2.3601,2024-07-24 13:30:00+00:00,2024-08-10 20:30:00+00:00,2,8,10
Women's High Jump,athletics,Athletics,ATH,https://olympics.com/en/paris-2024/sports/athletics,Athletics,2024-08-02 10:15:00+02:00,2024-08-02 12:25:00+02:00,Stade de France,Women's High Jump Qualification,W,FINISHED,Friday,2.1666666666666665,48.9244,2.3601,2024-07-24 13:30:00+00:00,2024-08-10 20:30:00+00:00,2,8,10
Women's 100m,athletics,Athletics,ATH,https://olympics.com/en/paris-2024/sports/athletics,Athletics,2024-08-02 10:35:00+02:00,2024-08-02 10:57:00+02:00,Stade de France,Women's 100m Preliminary Round,W,FINISHED,Friday,0.3666666666666666,48.9244,2.3601,2024-07-24 13:30:00+00:00,2024-08-10 20:30:00+00:00,2,8,10
Men's 100m Butterfly,swimming,Swimming,SWM,https://olympics.com/en/paris-2024/sports/swimming,Swimming,2024-08-02 11:00:00+02:00,2024-08-02 11:15:00+02:00,Paris La Defense Arena,Men's 100m Butterfly - Heats,M,FINISHED,Friday,0.25,48.8566,2.3522,2024-07-27 09:00:00+00:00,2024-08-11 13:50:00+00:00,2,8,11
Men's Synchronised 3m Springboard,diving,Diving,DIV,https://olympics.com/en/paris-2024/sports/diving,Diving,2024-08-02 11:00:00+02:00,2024-08-02 11:55:00+02:00,Aquatics Centre,Men's Synchronised 3m Springboard,M,FINISHED,Friday,0.9166666666666666,48.9279,2.3619,2024-07-27 09:00:00+00:00,2024-08-10 20:00:00+00:00,2,8,11
Men's 1500m,athletics,Athletics,ATH,https://olympics.com/en/paris-2024/sports/athletics,Athletics,2024-08-02 11:10:00+02:00,2024-08-02 11:36:00+02:00,Stade de France,Men's 1500m Round 1,M,FINISHED,Friday,0.4333333333333333,48.9244,2.3601,2024-07-24 13:30:00+00:00,2024-08-10 20:30:00+00:00,2,8,11
Women's 200m Individual Medley,swimming,Swimming,SWM,https://olympics.com/en/paris-2024/sports/swimming,Swimming,2024-08-02 11:17:00+02:00,2024-08-02 11:39:00+02:00,Paris La Defense Arena,Women's 200m Individual Medley - Heats,W,FINISHED,Friday,0.3666666666666666,48.8566,2.3522,2024-07-27 09:00:00+00:00,2024-08-11 13:50:00+00:00,2,8,11
Women's 800m Freestyle,swimming,Swimming,SWM,https://olympics.com/en/paris-2024/sports/swimming,Swimming,2024-08-02 11:40:00+02:00,2024-08-02 12:03:00+02:00,Paris La Defense Arena,Women's 800m Freestyle - Heats,W,FINISHED,Friday,0.3833333333333333,48.8566,2.3522,2024-07-27 09:00:00+00:00,2024-08-11 13:50:00+00:00,2,8,11
Mixed 4 x 100m Medley Relay,swimming,Swimming,SWM,https://olympics.com/en/paris-2024/sports/swimming,Swimming,2024-08-02 12:03:00+02:00,2024-08-02 12:15:00+02:00,Paris La Defense Arena,Mixed 4 x 100m Medley Relay - Heats,X,FINISHED,Friday,0.2,48.8566,2.3522,2024-07-27 09:00:00+00:00,2024-08-11 13:50:00+00:00,2,8,12
Mixed Dinghy,sailing,Sailing,SAL,https://olympics.com/en/paris-2024/sports/sailing,Sailing,2024-08-02 12:05:00+02:00,2024-08-02 12:55:00+02:00,Marseille Marina,Mixed Dinghy Opening Series,X,FINISHED,Friday,0.8333333333333334,48.8566,2.3522,2024-07-28 09:00:00+00:00,2024-08-08 17:00:00+00:00,2,8,12
Men's Épée Team,fencing,Fencing,FEN,https://olympics.com/en/paris-2024/sports/fencing,Fencing,2024-08-02 13:30:00+02:00,2024-08-02 14:20:00+02:00,Grand Palais,Men's Épée Team Table of 8,M,FINISHED,Friday,0.8333333333333334,48.8662,2.3124,2024-07-27 08:00:00+00:00,2024-08-10 21:00:00+00:00,2,8,13
Skeet Women,shooting,Shooting,SHO,https://olympics.com/en/paris-2024/sports/shooting,Shooting,2024-08-02 14:15:00+02:00,2024-08-02 17:30:00+02:00,Chateauroux Shooting Ctr,Skeet Women's Training,W,FINISHED,Friday,3.25,,,,,2,8,14
Men's Kayak Cross,canoe-kayak-slalom,Canoe Slalom,CSL,https://olympics.com/en/paris-2024/sports/canoe-kayak-slalom,Canoe Slalom,2024-08-02 15:30:00+02:00,2024-08-02 16:27:00+02:00,Nautical St - White water,Men's Kayak Cross Time Trial,M,FINISHED,Friday,0.95,,,,,2,8,15
Women's Kayak Cross,canoe-kayak-slalom,Canoe Slalom,CSL,https://olympics.com/en/paris-2024/sports/canoe-kayak-slalom,Canoe Slalom,2024-08-02 16:40:00+02:00,2024-08-02 17:37:00+02:00,Nautical St - White water,Women's Kayak Cross Time Trial,W,FINISHED,Friday,0.95,,,,,2,8,16
Women's 5000m,athletics,Athletics,ATH,https://olympics.com/en/paris-2024/sports/athletics,Athletics,2024-08-02 18:10:00+02:00,2024-08-02 18:54:00+02:00,Stade de France,Women's 5000m Round 1,W,FINISHED,Friday,0.7333333333333333,48.9244,2.3601,2024-07-24 13:30:00+00:00,2024-08-10 20:30:00+00:00,2,8,18
Women's Triple Jump,athletics,Athletics,ATH,https://olympics.com/en/paris-2024/sports/athletics,Athletics,2024-08-02 18:15:00+02:00,2024-08-02 19:19:00+02:00,Stade de France,Women's Triple Jump Qualification,W,FINISHED,Friday,1.0666666666666669,48.9244,2.3601,2024-07-24 13:30:00+00:00,2024-08-10 20:30:00+00:00,2,8,18
Women's Discus Throw,athletics,Athletics,ATH,https://olympics.com/en/paris-2024/sports/athletics,Athletics,2024-08-02 18:55:00+02:00,2024-08-02 19:47:00+02:00,Stade de France,Women's Discus Throw Qualification,W,FINISHED,Friday,0.8666666666666667,48.9244,2.3601,2024-07-24 13:30:00+00:00,2024-08-10 20:30:00+00:00,2,8,18
4 x 400m Relay Mixed,athletics,Athletics,ATH,https://olympics.com/en/paris-2024/sports/athletics,Athletics,2024-08-02 19:10:00+02:00,2024-08-02 19:26:00+02:00,Stade de France,4 x 400m Relay Mixed Round 1,X,FINISHED,Friday,0.2666666666666666,48.9244,2.3601,2024-07-24 13:30:00+00:00,2024-08-10 20:30:00+00:00,2,8,19
Women's 800m,athletics,Athletics,ATH,https://olympics.com/en/paris-2024/sports/athletics,Athletics,2024-08-02 19:45:00+02:00,2024-08-02 20:27:00+02:00,Stade de France,Women's 800m Round 1,W,FINISHED,Friday,0.7,48.9244,2.3601,2024-07-24 13:30:00+00:00,2024-08-10 20:30:00+00:00,2,8,19
Men's Shot Put,athletics,Athletics,ATH,https://olympics.com/en/paris-2024/sports/athletics,Athletics,2024-08-02 20:10:00+02:00,2024-08-02 20:58:00+02:00,Stade de France,Men's Shot Put Qualification,M,FINISHED,Friday,0.8,48.9244,2.3601,2024-07-24 13:30:00+00:00,2024-08-10 20:30:00+00:00,2,8,20
"Men's 10,000m",athletics,Athletics,ATH,https://olympics.com/en/paris-2024/sports/athletics,Athletics,2024-08-02 21:20:00+02:00,2024-08-02 21:50:00+02:00,Stade de France,"Men's 10,000m Final",M,FINISHED,Friday,0.5,48.9244,2.3601,2024-07-24 13:30:00+00:00,2024-08-10 20:30:00+00:00,2,8,21
Men's Pole Vault,athletics,Athletics,ATH,https://olympics.com/en/paris-2024/sports/athletics,Athletics,2024-08-03 10:10:00+02:00,2024-08-03 12:30:00+02:00,Stade de France,Men's Pole Vault Qualification,M,FINISHED,Saturday,2.333333333333333,48.9244,2.3601,2024-07-24 13:30:00+00:00,2024-08-10 20:30:00+00:00,3,8,10
Men's 100m,athletics,Athletics,ATH,https://olympics.com/en/paris-2024/sports/athletics,Athletics,2024-08-03 10:35:00+02:00,2024-08-03 11:00:00+02:00,Stade de France,Men's 100m Preliminary Round,M,FINISHED,Saturday,0.4166666666666667,48.9244,2.3601,2024-07-24 13:30:00+00:00,2024-08-10 20:30:00+00:00,3,8,10
Women's 50m Freestyle,swimming,Swimming,SWM,https://olympics.com/en/paris-2024/sports/swimming,Swimming,2024-08-03 11:00:00+02:00,2024-08-03 11:27:00+02:00,Paris La Defense Arena,Women's 50m Freestyle - Heats,W,FINISHED,Saturday,0.45,48.8566,2.3522,2024-07-27 09:00:00+00:00,2024-08-11 13:50:00+00:00,3,8,11
25m Rapid Fire Pistol Men,shooting,Shooting,SHO,https://olympics.com/en/paris-2024/sports/shooting,Shooting,2024-08-03 11:00:00+02:00,2024-08-03 16:00:00+02:00,Chateauroux Shooting Ctr,25m Rapid Fire Pistol Men's Training,M,FINISHED,Saturday,5.0,,,,,3,8,11
Men's Road Race,cycling-road,Cycling Road,CRD,https://olympics.com/en/paris-2024/sports/cycling-road,Cycling Road,2024-08-03 11:00:00+02:00,2024-08-03 17:50:00+02:00,Trocadéro,Men's Road Race,M,FINISHED,Saturday,6.833333333333333,48.862,2.2876,2024-08-01 05:30:00+00:00,2024-08-07 08:50:00+00:00,3,8,11
Men's 1500m Freestyle,swimming,Swimming,SWM,https://olympics.com/en/paris-2024/sports/swimming,Swimming,2024-08-03 11:30:00+02:00,2024-08-03 12:39:00+02:00,Paris La Defense Arena,Men's 1500m Freestyle - Heats,M,FINISHED,Saturday,1.15,48.8566,2.3522,2024-07-27 09:00:00+00:00,2024-08-11 13:50:00+00:00,3,8,11
Men's 4 x 100m Medley Relay,swimming,Swimming,SWM,https://olympics.com/en/paris-2024/sports/swimming,Swimming,2024-08-03 12:40:00+02:00,2024-08-03 12:52:00+02:00,Paris La Defense Arena,Men's 4 x 100m Medley Relay - Heats,M,FINISHED,Saturday,0.2,48.8566,2.3522,2024-07-27 09:00:00+00:00,2024-08-11 13:50:00+00:00,3,8,12
Women's 4 x 100m Medley Relay,swimming,Swimming,SWM,https://olympics.com/en/paris-2024/sports/swimming,Swimming,2024-08-03 12:52:00+02:00,2024-08-03 13:05:00+02:00,Paris La Defense Arena,Women's 4 x 100m Medley Relay - Heats,W,FINISHED,Saturday,0.2166666666666666,48.8566,2.3522,2024-07-27 09:00:00+00:00,2024-08-11 13:50:00+00:00,3,8,12
Women's Sabre Team,fencing,Fencing,FEN,https://olympics.com/en/paris-2024/sports/fencing,Fencing,2024-08-03 13:00:00+02:00,2024-08-03 13:50:00+02:00,Grand Palais,Women's Sabre Team Table of 8,W,FINISHED,Saturday,0.8333333333333334,48.8662,2.3124,2024-07-27 08:00:00+00:00,2024-08-10 21:00:00+00:00,3,8,13
Mixed Multihull,sailing,Sailing,SAL,https://olympics.com/en/paris-2024/sports/sailing,Sailing,2024-08-03 13:05:00+02:00,2024-08-03 13:40:00+02:00,Marseille Marina,Mixed Multihull Opening Series,X,FINISHED,Saturday,0.5833333333333334,48.8566,2.3522,2024-07-28 09:00:00+00:00,2024-08-08 17:00:00+00:00,3,8,13
Men's Floor Exercise,artistic-gymnastics,Artistic Gymnastics,GAR,https://olympics.com/en/paris-2024/sports/artistic-gymnastics,Artistic Gymnastics,2024-08-03 15:30:00+02:00,2024-08-03 16:05:00+02:00,Bercy Arena,Men's Floor Exercise Final,M,FINISHED,Saturday,0.5833333333333334,48.8394,2.3791,2024-07-27 09:00:00+00:00,2024-08-11 16:00:00+00:00,3,8,15
Women's Vault,artistic-gymnastics,Artistic Gymnastics,GAR,https://olympics.com/en/paris-2024/sports/artistic-gymnastics,Artistic Gymnastics,2024-08-03 16:20:00+02:00,2024-08-03 17:02:00+02:00,Bercy Arena,Women's Vault Final,W,FINISHED,Saturday,0.7,48.8394,2.3791,2024-07-27 09:00:00+00:00,2024-08-11 16:00:00+00:00,3,8,16
Men's Pommel Horse,artistic-gymnastics,Artistic Gymnastics,GAR,https://olympics.com/en/paris-2024/sports/artistic-gymnastics,Artistic Gymnastics,2024-08-03 17:16:00+02:00,2024-08-03 17:52:00+02:00,Bercy Arena,Men's Pommel Horse Final,M,FINISHED,Saturday,0.6,48.8394,2.3791,2024-07-27 09:00:00+00:00,2024-08-11 16:00:00+00:00,3,8,17
Skeet Mixed Team,shooting,Shooting,SHO,https://olympics.com/en/paris-2024/sports/shooting,Shooting,2024-08-04 09:00:00+02:00,2024-08-04 10:00:00+02:00,Chateauroux Shooting Ctr,Skeet Mixed Team Training,X,FINISHED,Sunday,1.0,,,,,4,8,9
Women's 3000m Steeplechase,athletics,Athletics,ATH,https://olympics.com/en/paris-2024/sports/athletics,Athletics,2024-08-04 10:05:00+02:00,2024-08-04 10:45:00+02:00,Stade de France,Women's 3000m Steeplechase Round 1,W,FINISHED,Sunday,0.6666666666666666,48.9244,2.3601,2024-07-24 13:30:00+00:00,2024-08-10 20:30:00+00:00,4,8,10
Women's Hammer Throw,athletics,Athletics,ATH,https://olympics.com/en/paris-2024/sports/athletics,Athletics,2024-08-04 10:20:00+02:00,2024-08-04 11:16:00+02:00,Stade de France,Women's Hammer Throw Qualification,W,FINISHED,Sunday,0.9333333333333332,48.9244,2.3601,2024-07-24 13:30:00+00:00,2024-08-10 20:30:00+00:00,4,8,10
Women's 200m,athletics,Athletics,ATH,https://olympics.com/en/paris-2024/sports/athletics,Athletics,2024-08-04 10:55:00+02:00,2024-08-04 11:36:00+02:00,Stade de France,Women's 200m Round 1,W,FINISHED,Sunday,0.6833333333333333,48.9244,2.3601,2024-07-24 13:30:00+00:00,2024-08-10 20:30:00+00:00,4,8,10
Men's Long Jump,athletics,Athletics,ATH,https://olympics.com/en/paris-2024/sports/athletics,Athletics,2024-08-04 11:00:00+02:00,2024-08-04 11:56:00+02:00,Stade de France,Men's Long Jump Qualification,M,FINISHED,Sunday,0.9333333333333332,48.9244,2.3601,2024-07-24 13:30:00+00:00,2024-08-10 20:30:00+00:00,4,8,11
Men's Foil Team,fencing,Fencing,FEN,https://olympics.com/en/paris-2024/sports/fencing,Fencing,2024-08-04 11:50:00+02:00,2024-08-04 13:00:00+02:00,Grand Palais,Men's Foil Team Table of 8,M,FINISHED,Sunday,1.1666666666666667,48.8662,2.3124,2024-07-27 08:00:00+00:00,2024-08-10 21:00:00+00:00,4,8,11
Men's 110m Hurdles,athletics,Athletics,ATH,https://olympics.com/en/paris-2024/sports/athletics,Athletics,2024-08-04 11:50:00+02:00,2024-08-04 12:23:00+02:00,Stade de France,Men's 110m Hurdles Round 1,M,FINISHED,Sunday,0.55,48.9244,2.3601,2024-07-24 13:30:00+00:00,2024-08-10 20:30:00+00:00,4,8,11
Men's Kite,sailing,Sailing,SAL,https://olympics.com/en/paris-2024/sports/sailing,Sailing,2024-08-04 12:13:00+02:00,2024-08-04 12:30:00+02:00,Marseille Marina,Men's Kite Opening Series,M,FINISHED,Sunday,0.2833333333333333,48.8566,2.3522,2024-07-28 09:00:00+00:00,2024-08-08 17:00:00+00:00,4,8,12
Women's Kite,sailing,Sailing,SAL,https://olympics.com/en/paris-2024/sports/sailing,Sailing,2024-08-04 12:33:00+02:00,2024-08-04 12:50:00+02:00,Marseille Marina,Women's Kite Opening Series,W,FINISHED,Sunday,0.2833333333333333,48.8566,2.3522,2024-07-28 09:00:00+00:00,2024-08-08 17:00:00+00:00,4,8,12
Women's 400m Hurdles,athletics,Athletics,ATH,https://olympics.com/en/paris-2024/sports/athletics,Athletics,2024-08-04 12:35:00+02:00,2024-08-04 13:08:00+02:00,Stade de France,Women's 400m Hurdles Round 1,W,FINISHED,Sunday,0.55,48.9244,2.3601,2024-07-24 13:30:00+00:00,2024-08-10 20:30:00+00:00,4,8,12
Women's Road Race,cycling-road,Cycling Road,CRD,https://olympics.com/en/paris-2024/sports/cycling-road,Cycling Road,2024-08-04 14:00:00+02:00,2024-08-04 18:24:00+02:00,Trocadéro,Women's Road Race,W,FINISHED,Sunday,4.4,48.862,2.2876,2024-08-01 05:30:00+00:00,2024-08-07 08:50:00+00:00,4,8,14
Men's Rings,artistic-gymnastics,Artistic Gymnastics,GAR,https://olympics.com/en/paris-2024/sports/artistic-gymnastics,Artistic Gymnastics,2024-08-04 15:00:00+02:00,2024-08-04 15:37:00+02:00,Bercy Arena,Men's Rings Final,M,FINISHED,Sunday,0.6166666666666667,48.8394,2.3791,2024-07-27 09:00:00+00:00,2024-08-11 16:00:00+00:00,4,8,15
Women's Uneven Bars,artistic-gymnastics,Artistic Gymnastics,GAR,https://olympics.com/en/paris-2024/sports/artistic-gymnastics,Artistic Gymnastics,2024-08-04 15:40:00+02:00,2024-08-04 16:21:00+02:00,Bercy Arena,Women's Uneven Bars Final,W,FINISHED,Sunday,0.6833333333333333,48.8394,2.3791,2024-07-27 09:00:00+00:00,2024-08-11 16:00:00+00:00,4,8,15
Men's Vault,artistic-gymnastics,Artistic Gymnastics,GAR,https://olympics.com/en/paris-2024/sports/artistic-gymnastics,Artistic Gymnastics,2024-08-04 16:24:00+02:00,2024-08-04 17:07:00+02:00,Bercy Arena,Men's Vault Final,M,FINISHED,Sunday,0.7166666666666667,48.8394,2.3791,2024-07-27 09:00:00+00:00,2024-08-11 16:00:00+00:00,4,8,16
Men's 400m,athletics,Athletics,ATH,https://olympics.com/en/paris-2024/sports/athletics,Athletics,2024-08-04 19:05:00+02:00,2024-08-04 19:41:00+02:00,Stade de France,Men's 400m Round 1,M,FINISHED,Sunday,0.6,48.9244,2.3601,2024-07-24 13:30:00+00:00,2024-08-10 20:30:00+00:00,4,8,19
Mixed Relay,triathlon,Triathlon,TRI,https://olympics.com/en/paris-2024/sports/triathlon,Triathlon,2024-08-05 08:00:00+02:00,2024-08-05 09:30:00+02:00,Pont Alexandre III,Mixed Relay,X,FINISHED,Monday,1.5,48.8638,2.3135,2024-07-30 06:00:00+00:00,2024-08-09 08:30:00+00:00,5,8,8
Men's Boulder & Lead,sport-climbing,Sport Climbing,CLB,https://olympics.com/en/paris-2024/sports/sport-climbing,Sport Climbing,2024-08-05 10:00:00+02:00,2024-08-05 12:17:00+02:00,Le Bourget Climbing Venue,Men's Boulder & Lead Semifinals,M,FINISHED,Monday,2.283333333333333,,,,,5,8,10
Women's 10m Platform,diving,Diving,DIV,https://olympics.com/en/paris-2024/sports/diving,Diving,2024-08-05 10:00:00+02:00,2024-08-05 12:13:00+02:00,Aquatics Centre,Women's 10m Platform Preliminary,W,FINISHED,Monday,2.216666666666667,48.9279,2.3619,2024-07-27 09:00:00+00:00,2024-08-10 20:00:00+00:00,5,8,10
Men's 400m Hurdles,athletics,Athletics,ATH,https://olympics.com/en/paris-2024/sports/athletics,Athletics,2024-08-05 10:05:00+02:00,2024-08-05 10:38:00+02:00,Stade de France,Men's 400m Hurdles Round 1,M,FINISHED,Monday,0.55,48.9244,2.3601,2024-07-24 13:30:00+00:00,2024-08-10 20:30:00+00:00,5,8,10
Men's Discus Throw,athletics,Athletics,ATH,https://olympics.com/en/paris-2024/sports/athletics,Athletics,2024-08-05 10:10:00+02:00,2024-08-05 11:06:00+02:00,Stade de France,Men's Discus Throw Qualification,M,FINISHED,Monday,0.9333333333333332,48.9244,2.3601,2024-07-24 13:30:00+00:00,2024-08-10 20:30:00+00:00,5,8,10
Women's Pole Vault,athletics,Athletics,ATH,https://olympics.com/en/paris-2024/sports/athletics,Athletics,2024-08-05 10:40:00+02:00,2024-08-05 13:00:00+02:00,Stade de France,Women's Pole Vault Qualification,W,FINISHED,Monday,2.333333333333333,48.9244,2.3601,2024-07-24 13:30:00+00:00,2024-08-10 20:30:00+00:00,5,8,10
Men's Parallel Bars,artistic-gymnastics,Artistic Gymnastics,GAR,https://olympics.com/en/paris-2024/sports/artistic-gymnastics,Artistic Gymnastics,2024-08-05 11:45:00+02:00,2024-08-05 12:24:00+02:00,Bercy Arena,Men's Parallel Bars Final,M,FINISHED,Monday,0.65,48.8394,2.3791,2024-07-27 09:00:00+00:00,2024-08-11 16:00:00+00:00,5,8,11
Women's 400m,athletics,Athletics,ATH,https://olympics.com/en/paris-2024/sports/athletics,Athletics,2024-08-05 11:55:00+02:00,2024-08-05 12:36:00+02:00,Stade de France,Women's 400m Round 1,W,FINISHED,Monday,0.6833333333333333,48.9244,2.3601,2024-07-24 13:30:00+00:00,2024-08-10 20:30:00+00:00,5,8,11
Women's Balance Beam,artistic-gymnastics,Artistic Gymnastics,GAR,https://olympics.com/en/paris-2024/sports/artistic-gymnastics,Artistic Gymnastics,2024-08-05 12:38:00+02:00,2024-08-05 13:19:00+02:00,Bercy Arena,Women's Balance Beam Final,W,FINISHED,Monday,0.6833333333333333,48.8394,2.3791,2024-07-27 09:00:00+00:00,2024-08-11 16:00:00+00:00,5,8,12
Women's Speed,sport-climbing,Sport Climbing,CLB,https://olympics.com/en/paris-2024/sports/sport-climbing,Sport Climbing,2024-08-05 13:00:00+02:00,2024-08-05 13:25:00+02:00,Le Bourget Climbing Venue,Women's Speed Qualification,W,FINISHED,Monday,0.4166666666666667,,,,,5,8,13
Men's Horizontal Bar,artistic-gymnastics,Artistic Gymnastics,GAR,https://olympics.com/en/paris-2024/sports/artistic-gymnastics,Artistic Gymnastics,2024-08-05 13:33:00+02:00,2024-08-05 14:08:00+02:00,Bercy Arena,Men's Horizontal Bar Final,M,FINISHED,Monday,0.5833333333333334,48.8394,2.3791,2024-07-27 09:00:00+00:00,2024-08-11 16:00:00+00:00,5,8,13
Jumping Individual,equestrian,Equestrian,EQU,https://olympics.com/en/paris-2024/sports/equestrian,Equestrian,2024-08-05 14:00:00+02:00,2024-08-05 18:00:00+02:00,Château de Versailles,Jumping Individual Qualification,O,FINISHED,Monday,4.0,48.8049,2.1204,2024-07-27 07:30:00+00:00,2024-08-11 11:30:00+00:00,5,8,14
Women's Floor Exercise,artistic-gymnastics,Artistic Gymnastics,GAR,https://olympics.com/en/paris-2024/sports/artistic-gymnastics,Artistic Gymnastics,2024-08-05 14:23:00+02:00,2024-08-05 15:03:00+02:00,Bercy Arena,Women's Floor Exercise Final,W,FINISHED,Monday,0.6666666666666666,48.8394,2.3791,2024-07-27 09:00:00+00:00,2024-08-11 16:00:00+00:00,5,8,14
Men's Greco-Roman 130kg,wrestling,Wrestling,WRE,https://olympics.com/en/paris-2024/sports/wrestling,Wrestling,2024-08-05 15:00:00+02:00,2024-08-05 15:07:00+02:00,Champ-de-Mars Arena,MGR 130kg 1/8 Finals,M,FINISHED,Monday,0.1166666666666666,,,,,5,8,15
Women's Freestyle 68kg,wrestling,Wrestling,WRE,https://olympics.com/en/paris-2024/sports/wrestling,Wrestling,2024-08-05 15:00:00+02:00,2024-08-05 15:07:00+02:00,Champ-de-Mars Arena,WFS 68kg 1/8 Finals,W,FINISHED,Monday,0.1166666666666666,,,,,5,8,15
Men's Greco-Roman 60kg,wrestling,Wrestling,WRE,https://olympics.com/en/paris-2024/sports/wrestling,Wrestling,2024-08-05 15:00:00+02:00,2024-08-05 15:07:00+02:00,Champ-de-Mars Arena,MGR 60kg Qualifications,M,FINISHED,Monday,0.1166666666666666,,,,,5,8,15
Women's Team Sprint,cycling-track,Cycling Track,CTR,https://olympics.com/en/paris-2024/sports/cycling-track,Cycling Track,2024-08-05 17:00:00+02:00,2024-08-05 17:27:00+02:00,National Velodrome,"Women's Team Sprint, Qualifying",W,FINISHED,Monday,0.45,,,,,5,8,17
Men's Team Pursuit,cycling-track,Cycling Track,CTR,https://olympics.com/en/paris-2024/sports/cycling-track,Cycling Track,2024-08-05 17:27:00+02:00,2024-08-05 18:55:00+02:00,National Velodrome,"Men's Team Pursuit, Qualifying",M,FINISHED,Monday,1.4666666666666666,,,,,5,8,17
Men's 3000m Steeplechase,athletics,Athletics,ATH,https://olympics.com/en/paris-2024/sports/athletics,Athletics,2024-08-05 19:04:00+02:00,2024-08-05 19:45:00+02:00,Stade de France,Men's 3000m Steeplechase Round 1,M,FINISHED,Monday,0.6833333333333333,48.9244,2.3601,2024-07-24 13:30:00+00:00,2024-08-10 20:30:00+00:00,5,8,19
Men's Team Sprint,cycling-track,Cycling Track,CTR,https://olympics.com/en/paris-2024/sports/cycling-track,Cycling Track,2024-08-05 19:09:00+02:00,2024-08-05 19:46:00+02:00,National Velodrome,"Men's Team Sprint, Qualifying",M,FINISHED,Monday,0.6166666666666667,,,,,5,8,19
Team,artistic-swimming,Artistic Swimming,SWA,https://olympics.com/en/paris-2024/sports/artistic-swimming,Artistic Swimming,2024-08-05 19:30:00+02:00,2024-08-05 20:43:00+02:00,Aquatics Centre,Team Final,O,FINISHED,Monday,1.2166666666666666,48.9279,2.3619,2024-07-27 09:00:00+00:00,2024-08-10 20:00:00+00:00,5,8,19
Men's 200m,athletics,Athletics,ATH,https://olympics.com/en/paris-2024/sports/athletics,Athletics,2024-08-05 19:55:00+02:00,2024-08-05 20:31:00+02:00,Stade de France,Men's 200m Round 1,M,FINISHED,Monday,0.6,48.9244,2.3601,2024-07-24 13:30:00+00:00,2024-08-10 20:30:00+00:00,5,8,19
Men's Kayak Four 500m,canoe-kayak-flatwater,Canoe Sprint,CSP,https://olympics.com/en/paris-2024/sports/canoe-kayak-flatwater,Canoe Sprint,2024-08-06 09:30:00+02:00,2024-08-06 09:47:00+02:00,Nautical St - Flat water,Men's Kayak Four 500m Heats,M,FINISHED,Tuesday,0.2833333333333333,,,,,6,8,9
Women's Kayak Four 500m,canoe-kayak-flatwater,Canoe Sprint,CSP,https://olympics.com/en/paris-2024/sports/canoe-kayak-flatwater,Canoe Sprint,2024-08-06 10:00:00+02:00,2024-08-06 10:17:00+02:00,Nautical St - Flat water,Women's Kayak Four 500m Heats,W,FINISHED,Tuesday,0.2833333333333333,,,,,6,8,10
Men's 3m Springboard,diving,Diving,DIV,https://olympics.com/en/paris-2024/sports/diving,Diving,2024-08-06 10:00:00+02:00,2024-08-06 12:09:00+02:00,Aquatics Centre,Men's 3m Springboard Preliminary,M,FINISHED,Tuesday,2.15,48.9279,2.3619,2024-07-27 09:00:00+00:00,2024-08-10 20:00:00+00:00,6,8,10
Women's Boulder & Lead,sport-climbing,Sport Climbing,CLB,https://olympics.com/en/paris-2024/sports/sport-climbing,Sport Climbing,2024-08-06 10:00:00+02:00,2024-08-06 12:17:00+02:00,Le Bourget Climbing Venue,Women's Boulder & Lead Semifinals,W,FINISHED,Tuesday,2.283333333333333,,,,,6,8,10
Women's 1500m,athletics,Athletics,ATH,https://olympics.com/en/paris-2024/sports/athletics,Athletics,2024-08-06 10:05:00+02:00,2024-08-06 10:34:00+02:00,Stade de France,Women's 1500m Round 1,W,FINISHED,Tuesday,0.4833333333333333,48.9244,2.3601,2024-07-24 13:30:00+00:00,2024-08-10 20:30:00+00:00,6,8,10
Men's Javelin Throw,athletics,Athletics,ATH,https://olympics.com/en/paris-2024/sports/athletics,Athletics,2024-08-06 10:20:00+02:00,2024-08-06 11:16:00+02:00,Stade de France,Men's Javelin Throw Qualification,M,FINISHED,Tuesday,0.9333333333333332,48.9244,2.3601,2024-07-24 13:30:00+00:00,2024-08-10 20:30:00+00:00,6,8,10
Men's Canoe Double 500m,canoe-kayak-flatwater,Canoe Sprint,CSP,https://olympics.com/en/paris-2024/sports/canoe-kayak-flatwater,Canoe Sprint,2024-08-06 10:30:00+02:00,2024-08-06 10:47:00+02:00,Nautical St - Flat water,Men's Canoe Double 500m Heats,M,FINISHED,Tuesday,0.2833333333333333,,,,,6,8,10
Women's Canoe Double 500m,canoe-kayak-flatwater,Canoe Sprint,CSP,https://olympics.com/en/paris-2024/sports/canoe-kayak-flatwater,Canoe Sprint,2024-08-06 11:00:00+02:00,2024-08-06 11:17:00+02:00,Nautical St - Flat water,Women's Canoe Double 500m Heats,W,FINISHED,Tuesday,0.2833333333333333,,,,,6,8,11
Men's Greco-Roman 77kg,wrestling,Wrestling,WRE,https://olympics.com/en/paris-2024/sports/wrestling,Wrestling,2024-08-06 11:14:00+02:00,2024-08-06 11:21:00+02:00,Champ-de-Mars Arena,MGR 77kg 1/8 Finals,M,FINISHED,Tuesday,0.1166666666666666,,,,,6,8,11
Women's Freestyle 50kg,wrestling,Wrestling,WRE,https://olympics.com/en/paris-2024/sports/wrestling,Wrestling,2024-08-06 11:14:00+02:00,2024-08-06 11:21:00+02:00,Champ-de-Mars Arena,WFS 50kg 1/8 Finals,W,FINISHED,Tuesday,0.1166666666666666,,,,,6,8,11
Men's Greco-Roman 97kg,wrestling,Wrestling,WRE,https://olympics.com/en/paris-2024/sports/wrestling,Wrestling,2024-08-06 11:14:00+02:00,2024-08-06 11:21:00+02:00,Champ-de-Mars Arena,MGR 97kg 1/8 Finals,M,FINISHED,Tuesday,0.1166666666666666,,,,,6,8,11
Women's Long Jump,athletics,Athletics,ATH,https://olympics.com/en/paris-2024/sports/athletics,Athletics,2024-08-06 11:15:00+02:00,2024-08-06 12:23:00+02:00,Stade de France,Women's Long Jump Qualification,W,FINISHED,Tuesday,1.1333333333333333,48.9244,2.3601,2024-07-24 13:30:00+00:00,2024-08-10 20:30:00+00:00,6,8,11
Men's Kayak Double 500m,canoe-kayak-flatwater,Canoe Sprint,CSP,https://olympics.com/en/paris-2024/sports/canoe-kayak-flatwater,Canoe Sprint,2024-08-06 11:30:00+02:00,2024-08-06 12:07:00+02:00,Nautical St - Flat water,Men's Kayak Double 500m Heats,M,FINISHED,Tuesday,0.6166666666666667,,,,,6,8,11
Women's Kayak Double 500m,canoe-kayak-flatwater,Canoe Sprint,CSP,https://olympics.com/en/paris-2024/sports/canoe-kayak-flatwater,Canoe Sprint,2024-08-06 12:10:00+02:00,2024-08-06 12:47:00+02:00,Nautical St - Flat water,Women's Kayak Double 500m Heats,W,FINISHED,Tuesday,0.6166666666666667,,,,,6,8,12
Men's Speed,sport-climbing,Sport Climbing,CLB,https://olympics.com/en/paris-2024/sports/sport-climbing,Sport Climbing,2024-08-06 13:00:00+02:00,2024-08-06 13:25:00+02:00,Le Bourget Climbing Venue,Men's Speed Qualification,M,FINISHED,Tuesday,0.4166666666666667,,,,,6,8,13
Women's Team Pursuit,cycling-track,Cycling Track,CTR,https://olympics.com/en/paris-2024/sports/cycling-track,Cycling Track,2024-08-06 17:30:00+02:00,2024-08-06 18:59:00+02:00,National Velodrome,"Women's Team Pursuit, Qualifying",W,FINISHED,Tuesday,1.4833333333333334,,,,,6,8,17
Marathon Race Walk Relay Mixed,athletics,Athletics,ATH,https://olympics.com/en/paris-2024/sports/athletics,Athletics,2024-08-07 07:30:00+02:00,2024-08-07 10:40:00+02:00,Trocadéro,Marathon Race Walk Relay Mixed,X,FINISHED,Wednesday,3.1666666666666665,48.862,2.2876,2024-08-01 05:30:00+00:00,2024-08-07 08:50:00+00:00,7,8,7
Men -58kg,taekwondo,Taekwondo,TKW,https://olympics.com/en/paris-2024/sports/taekwondo,Taekwondo,2024-08-07 09:00:00+02:00,2024-08-07 09:09:00+02:00,Grand Palais,Men -58kg Qualification Contest,M,FINISHED,Wednesday,0.15,48.8662,2.3124,2024-07-27 08:00:00+00:00,2024-08-10 21:00:00+00:00,7,8,9
Women's Individual Stroke Play,golf,Golf,GLF,https://olympics.com/en/paris-2024/sports/golf,Golf,2024-08-07 09:00:00+02:00,2024-08-07 18:00:00+02:00,Le Golf National,Women's Individual Stroke Play,W,FINISHED,Wednesday,9.0,,,,,7,8,9
Women -49kg,taekwondo,Taekwondo,TKW,https://olympics.com/en/paris-2024/sports/taekwondo,Taekwondo,2024-08-07 09:09:00+02:00,2024-08-07 09:21:00+02:00,Grand Palais,Women -49kg Qualification Contest,W,FINISHED,Wednesday,0.2,48.8662,2.3124,2024-07-27 08:00:00+00:00,2024-08-10 21:00:00+00:00,7,8,9
Women's Kayak Single 500m,canoe-kayak-flatwater,Canoe Sprint,CSP,https://olympics.com/en/paris-2024/sports/canoe-kayak-flatwater,Canoe Sprint,2024-08-07 09:30:00+02:00,2024-08-07 10:27:00+02:00,Nautical St - Flat water,Women's Kayak Single 500m Heats,W,FINISHED,Wednesday,0.95,,,,,7,8,9
Men's High Jump,athletics,Athletics,ATH,https://olympics.com/en/paris-2024/sports/athletics,Athletics,2024-08-07 10:05:00+02:00,2024-08-07 12:15:00+02:00,Stade de France,Men's High Jump Qualification,M,FINISHED,Wednesday,2.1666666666666665,48.9244,2.3601,2024-07-24 13:30:00+00:00,2024-08-10 20:30:00+00:00,7,8,10
Women's 100m Hurdles,athletics,Athletics,ATH,https://olympics.com/en/paris-2024/sports/athletics,Athletics,2024-08-07 10:15:00+02:00,2024-08-07 10:48:00+02:00,Stade de France,Women's 100m Hurdles Round 1,W,FINISHED,Wednesday,0.55,48.9244,2.3601,2024-07-24 13:30:00+00:00,2024-08-10 20:30:00+00:00,7,8,10
Women's Javelin Throw,athletics,Athletics,ATH,https://olympics.com/en/paris-2024/sports/athletics,Athletics,2024-08-07 10:25:00+02:00,2024-08-07 11:21:00+02:00,Stade de France,Women's Javelin Throw Qualification,W,FINISHED,Wednesday,0.9333333333333332,48.9244,2.3601,2024-07-24 13:30:00+00:00,2024-08-10 20:30:00+00:00,7,8,10
Men's Kayak Single 1000m,canoe-kayak-flatwater,Canoe Sprint,CSP,https://olympics.com/en/paris-2024/sports/canoe-kayak-flatwater,Canoe Sprint,2024-08-07 10:40:00+02:00,2024-08-07 11:27:00+02:00,Nautical St - Flat water,Men's Kayak Single 1000m Heats,M,FINISHED,Wednesday,0.7833333333333333,,,,,7,8,10
Women's Freestyle 53kg,wrestling,Wrestling,WRE,https://olympics.com/en/paris-2024/sports/wrestling,Wrestling,2024-08-07 11:07:00+02:00,2024-08-07 11:14:00+02:00,Champ-de-Mars Arena,WFS 53kg 1/8 Finals,W,FINISHED,Wednesday,0.1166666666666666,,,,,7,8,11
Men's 5000m,athletics,Athletics,ATH,https://olympics.com/en/paris-2024/sports/athletics,Athletics,2024-08-07 11:10:00+02:00,2024-08-07 11:45:00+02:00,Stade de France,Men's 5000m Round 1,M,FINISHED,Wednesday,0.5833333333333334,48.9244,2.3601,2024-07-24 13:30:00+00:00,2024-08-10 20:30:00+00:00,7,8,11
Men's Greco-Roman 87kg,wrestling,Wrestling,WRE,https://olympics.com/en/paris-2024/sports/wrestling,Wrestling,2024-08-07 11:14:00+02:00,2024-08-07 11:21:00+02:00,Champ-de-Mars Arena,MGR 87kg 1/8 Finals,M,FINISHED,Wednesday,0.1166666666666666,,,,,7,8,11
Men's Greco-Roman 67kg,wrestling,Wrestling,WRE,https://olympics.com/en/paris-2024/sports/wrestling,Wrestling,2024-08-07 11:14:00+02:00,2024-08-07 11:21:00+02:00,Champ-de-Mars Arena,MGR 67kg 1/8 Finals,M,FINISHED,Wednesday,0.1166666666666666,,,,,7,8,11
Men's Canoe Single 1000m,canoe-kayak-flatwater,Canoe Sprint,CSP,https://olympics.com/en/paris-2024/sports/canoe-kayak-flatwater,Canoe Sprint,2024-08-07 11:40:00+02:00,2024-08-07 12:27:00+02:00,Nautical St - Flat water,Men's Canoe Single 1000m Heats,M,FINISHED,Wednesday,0.7833333333333333,,,,,7,8,11
Men's 800m,athletics,Athletics,ATH,https://olympics.com/en/paris-2024/sports/athletics,Athletics,2024-08-07 11:55:00+02:00,2024-08-07 12:37:00+02:00,Stade de France,Men's 800m Round 1,M,FINISHED,Wednesday,0.7,48.9244,2.3601,2024-07-24 13:30:00+00:00,2024-08-10 20:30:00+00:00,7,8,11
Men's Sprint,cycling-track,Cycling Track,CTR,https://olympics.com/en/paris-2024/sports/cycling-track,Cycling Track,2024-08-07 12:45:00+02:00,2024-08-07 13:26:00+02:00,National Velodrome,"Men's Sprint, Qualifying",M,FINISHED,Wednesday,0.6833333333333333,,,,,7,8,12
Women's Keirin,cycling-track,Cycling Track,CTR,https://olympics.com/en/paris-2024/sports/cycling-track,Cycling Track,2024-08-07 13:26:00+02:00,2024-08-07 13:52:00+02:00,National Velodrome,"Women's Keirin, First Round",W,FINISHED,Wednesday,0.4333333333333333,,,,,7,8,13
Men's 61kg,weightlifting,Weightlifting,WLF,https://olympics.com/en/paris-2024/sports/weightlifting,Weightlifting,2024-08-07 15:00:00+02:00,2024-08-07 17:30:00+02:00,South Paris Arena 6,Men's 61kg,M,FINISHED,Wednesday,2.5,,,,,7,8,15
Women's 3m Springboard,diving,Diving,DIV,https://olympics.com/en/paris-2024/sports/diving,Diving,2024-08-07 15:00:00+02:00,2024-08-07 16:57:00+02:00,Aquatics Centre,Women's 3m Springboard Preliminary,W,FINISHED,Wednesday,1.95,48.9279,2.3619,2024-07-27 09:00:00+00:00,2024-08-10 20:00:00+00:00,7,8,15
Men's Triple Jump,athletics,Athletics,ATH,https://olympics.com/en/paris-2024/sports/athletics,Athletics,2024-08-07 19:15:00+02:00,2024-08-07 20:19:00+02:00,Stade de France,Men's Triple Jump Qualification,M,FINISHED,Wednesday,1.0666666666666669,48.9244,2.3601,2024-07-24 13:30:00+00:00,2024-08-10 20:30:00+00:00,7,8,19
Women's 49kg,weightlifting,Weightlifting,WLF,https://olympics.com/en/paris-2024/sports/weightlifting,Weightlifting,2024-08-07 19:30:00+02:00,2024-08-07 22:00:00+02:00,South Paris Arena 6,Women's 49kg,W,FINISHED,Wednesday,2.5,,,,,7,8,19
Women's 10km,marathon-swimming,Marathon Swimming,OWS,https://olympics.com/en/paris-2024/sports/marathon-swimming,Marathon Swimming,2024-08-08 07:30:00+02:00,2024-08-08 09:50:00+02:00,Pont Alexandre III,Women's 10km,W,FINISHED,Thursday,2.333333333333333,48.8638,2.3135,2024-07-30 06:00:00+00:00,2024-08-09 08:30:00+00:00,8,8,7
Men -68kg,taekwondo,Taekwondo,TKW,https://olympics.com/en/paris-2024/sports/taekwondo,Taekwondo,2024-08-08 09:00:00+02:00,2024-08-08 09:09:00+02:00,Grand Palais,Men -68kg Qualification Contest,M,FINISHED,Thursday,0.15,48.8662,2.3124,2024-07-27 08:00:00+00:00,2024-08-10 21:00:00+00:00,8,8,9
Women -57kg,taekwondo,Taekwondo,TKW,https://olympics.com/en/paris-2024/sports/taekwondo,Taekwondo,2024-08-08 09:09:00+02:00,2024-08-08 09:21:00+02:00,Grand Palais,Women -57kg Round of 16,W,FINISHED,Thursday,0.2,48.8662,2.3124,2024-07-27 08:00:00+00:00,2024-08-10 21:00:00+00:00,8,8,9
Individual All-Around,rhythmic-gymnastics,Rhythmic Gymnastics,GRY,https://olympics.com/en/paris-2024/sports/rhythmic-gymnastics,Rhythmic Gymnastics,2024-08-08 10:00:00+02:00,2024-08-08 13:00:00+02:00,La Chapelle Arena,Individual All-Around Qualification,W,FINISHED,Thursday,3.0,,,,,8,8,10
Women's Heptathlon,athletics,Athletics,ATH,https://olympics.com/en/paris-2024/sports/athletics,Athletics,2024-08-08 10:05:00+02:00,2024-08-08 10:22:00+02:00,Stade de France,Women's Heptathlon 100m Hurdles,W,FINISHED,Thursday,0.2833333333333333,48.9244,2.3601,2024-07-24 13:30:00+00:00,2024-08-10 20:30:00+00:00,8,8,10
Women's Shot Put,athletics,Athletics,ATH,https://olympics.com/en/paris-2024/sports/athletics,Athletics,2024-08-08 10:25:00+02:00,2024-08-08 11:21:00+02:00,Stade de France,Women's Shot Put Qualification,W,FINISHED,Thursday,0.9333333333333332,48.9244,2.3601,2024-07-24 13:30:00+00:00,2024-08-10 20:30:00+00:00,8,8,10
Women's Canoe Single 200m,canoe-kayak-flatwater,Canoe Sprint,CSP,https://olympics.com/en/paris-2024/sports/canoe-kayak-flatwater,Canoe Sprint,2024-08-08 10:30:00+02:00,2024-08-08 11:17:00+02:00,Nautical St - Flat water,Women's Canoe Single 200m Heats,W,FINISHED,Thursday,0.7833333333333333,,,,,8,8,10
Women's 4 x 100m Relay,athletics,Athletics,ATH,https://olympics.com/en/paris-2024/sports/athletics,Athletics,2024-08-08 11:10:00+02:00,2024-08-08 11:20:00+02:00,Stade de France,Women's 4 x 100m Relay Round 1,W,FINISHED,Thursday,0.1666666666666666,48.9244,2.3601,2024-07-24 13:30:00+00:00,2024-08-10 20:30:00+00:00,8,8,11
Women's Freestyle 57kg,wrestling,Wrestling,WRE,https://olympics.com/en/paris-2024/sports/wrestling,Wrestling,2024-08-08 11:14:00+02:00,2024-08-08 11:21:00+02:00,Champ-de-Mars Arena,WFS 57kg 1/8 Finals,W,FINISHED,Thursday,0.1166666666666666,,,,,8,8,11
Men's Freestyle 86kg,wrestling,Wrestling,WRE,https://olympics.com/en/paris-2024/sports/wrestling,Wrestling,2024-08-08 11:14:00+02:00,2024-08-08 11:21:00+02:00,Champ-de-Mars Arena,MFS 86kg 1/8 Finals,M,FINISHED,Thursday,0.1166666666666666,,,,,8,8,11
Men's Freestyle 57kg,wrestling,Wrestling,WRE,https://olympics.com/en/paris-2024/sports/wrestling,Wrestling,2024-08-08 11:14:00+02:00,2024-08-08 11:21:00+02:00,Champ-de-Mars Arena,MFS 57kg 1/8 Finals,M,FINISHED,Thursday,0.1166666666666666,,,,,8,8,11
Men's 4 x 100m Relay,athletics,Athletics,ATH,https://olympics.com/en/paris-2024/sports/athletics,Athletics,2024-08-08 11:35:00+02:00,2024-08-08 11:45:00+02:00,Stade de France,Men's 4 x 100m Relay Round 1,M,FINISHED,Thursday,0.1666666666666666,48.9244,2.3601,2024-07-24 13:30:00+00:00,2024-08-10 20:30:00+00:00,8,8,11
Women's 59kg,weightlifting,Weightlifting,WLF,https://olympics.com/en/paris-2024/sports/weightlifting,Weightlifting,2024-08-08 15:00:00+02:00,2024-08-08 17:30:00+02:00,South Paris Arena 6,Women's 59kg,W,FINISHED,Thursday,2.5,,,,,8,8,15
Men's Omnium,cycling-track,Cycling Track,CTR,https://olympics.com/en/paris-2024/sports/cycling-track,Cycling Track,2024-08-08 17:00:00+02:00,2024-08-08 17:18:00+02:00,National Velodrome,"Men's Omnium, Scratch Race 1/4",M,FINISHED,Thursday,0.3,,,,,8,8,17
Men's 73kg,weightlifting,Weightlifting,WLF,https://olympics.com/en/paris-2024/sports/weightlifting,Weightlifting,2024-08-08 19:30:00+02:00,2024-08-08 22:00:00+02:00,South Paris Arena 6,Men's 73kg,M,FINISHED,Thursday,2.5,,,,,8,8,19
Men's 10km,marathon-swimming,Marathon Swimming,OWS,https://olympics.com/en/paris-2024/sports/marathon-swimming,Marathon Swimming,2024-08-09 07:30:00+02:00,2024-08-09 09:50:00+02:00,Pont Alexandre III,Men's 10km,M,FINISHED,Friday,2.333333333333333,48.8638,2.3135,2024-07-30 06:00:00+00:00,2024-08-09 08:30:00+00:00,9,8,7
Men -80kg,taekwondo,Taekwondo,TKW,https://olympics.com/en/paris-2024/sports/taekwondo,Taekwondo,2024-08-09 09:00:00+02:00,2024-08-09 09:09:00+02:00,Grand Palais,Men -80kg Qualification Contest,M,FINISHED,Friday,0.15,48.8662,2.3124,2024-07-27 08:00:00+00:00,2024-08-10 21:00:00+00:00,9,8,9
Women -67kg,taekwondo,Taekwondo,TKW,https://olympics.com/en/paris-2024/sports/taekwondo,Taekwondo,2024-08-09 09:09:00+02:00,2024-08-09 09:21:00+02:00,Grand Palais,Women -67kg Round of 16,W,FINISHED,Friday,0.2,48.8662,2.3124,2024-07-27 08:00:00+00:00,2024-08-10 21:00:00+00:00,9,8,9
Group All-Around,rhythmic-gymnastics,Rhythmic Gymnastics,GRY,https://olympics.com/en/paris-2024/sports/rhythmic-gymnastics,Rhythmic Gymnastics,2024-08-09 10:00:00+02:00,2024-08-09 11:16:00+02:00,La Chapelle Arena,Group All-Around Qualification,W,FINISHED,Friday,1.2666666666666666,,,,,9,8,10
Men's 10m Platform,diving,Diving,DIV,https://olympics.com/en/paris-2024/sports/diving,Diving,2024-08-09 10:00:00+02:00,2024-08-09 12:39:00+02:00,Aquatics Centre,Men's 10m Platform Preliminary,M,FINISHED,Friday,2.65,48.9279,2.3619,2024-07-27 09:00:00+00:00,2024-08-10 20:00:00+00:00,9,8,10
Women's 4 x 400m Relay,athletics,Athletics,ATH,https://olympics.com/en/paris-2024/sports/athletics,Athletics,2024-08-09 10:40:00+02:00,2024-08-09 10:56:00+02:00,Stade de France,Women's 4 x 400m Relay Round 1,W,FINISHED,Friday,0.2666666666666666,48.9244,2.3601,2024-07-24 13:30:00+00:00,2024-08-10 20:30:00+00:00,9,8,10
Men's 4 x 400m Relay,athletics,Athletics,ATH,https://olympics.com/en/paris-2024/sports/athletics,Athletics,2024-08-09 11:05:00+02:00,2024-08-09 11:21:00+02:00,Stade de France,Men's 4 x 400m Relay Round 1,M,FINISHED,Friday,0.2666666666666666,48.9244,2.3601,2024-07-24 13:30:00+00:00,2024-08-10 20:30:00+00:00,9,8,11
Men's Freestyle 74kg,wrestling,Wrestling,WRE,https://olympics.com/en/paris-2024/sports/wrestling,Wrestling,2024-08-09 11:07:00+02:00,2024-08-09 11:14:00+02:00,Champ-de-Mars Arena,MFS 74kg Qualifications,M,FINISHED,Friday,0.1166666666666666,,,,,9,8,11
Women's Freestyle 62kg,wrestling,Wrestling,WRE,https://olympics.com/en/paris-2024/sports/wrestling,Wrestling,2024-08-09 11:14:00+02:00,2024-08-09 11:21:00+02:00,Champ-de-Mars Arena,WFS 62kg 1/8 Finals,W,FINISHED,Friday,0.1166666666666666,,,,,9,8,11
Men's Freestyle 125kg,wrestling,Wrestling,WRE,https://olympics.com/en/paris-2024/sports/wrestling,Wrestling,2024-08-09 11:14:00+02:00,2024-08-09 11:21:00+02:00,Champ-de-Mars Arena,MFS 125kg 1/8 Finals,M,FINISHED,Friday,0.1166666666666666,,,,,9,8,11
Women's Sprint,cycling-track,Cycling Track,CTR,https://olympics.com/en/paris-2024/sports/cycling-track,Cycling Track,2024-08-09 14:00:00+02:00,2024-08-09 14:41:00+02:00,National Velodrome,"Women's Sprint, Qualifying",W,FINISHED,Friday,0.6833333333333333,,,,,9,8,14
Men's 89kg,weightlifting,Weightlifting,WLF,https://olympics.com/en/paris-2024/sports/weightlifting,Weightlifting,2024-08-09 15:00:00+02:00,2024-08-09 17:30:00+02:00,South Paris Arena 6,Men's 89kg,M,FINISHED,Friday,2.5,,,,,9,8,15
B-Girls,breaking,Breaking,BKG,https://olympics.com/en/paris-2024/sports/breaking,Breaking,2024-08-09 16:00:00+02:00,2024-08-09 16:07:45+02:00,La Concorde 1,B-Girls Pre-Qualifier,W,FINISHED,Friday,0.1291666666666666,,,,,9,8,16
Women's Madison,cycling-track,Cycling Track,CTR,https://olympics.com/en/paris-2024/sports/cycling-track,Cycling Track,2024-08-09 18:09:00+02:00,2024-08-09 19:02:00+02:00,National Velodrome,"Women's Madison, Final",W,FINISHED,Friday,0.8833333333333333,,,,,9,8,18
Women's 71kg,weightlifting,Weightlifting,WLF,https://olympics.com/en/paris-2024/sports/weightlifting,Weightlifting,2024-08-09 19:30:00+02:00,2024-08-09 22:00:00+02:00,South Paris Arena 6,Women's 71kg,W,FINISHED,Friday,2.5,,,,,9,8,19
Duet,artistic-swimming,Artistic Swimming,SWA,https://olympics.com/en/paris-2024/sports/artistic-swimming,Artistic Swimming,2024-08-09 19:30:00+02:00,2024-08-09 21:13:00+02:00,Aquatics Centre,Duet Final,W,FINISHED,Friday,1.7166666666666666,48.9279,2.3619,2024-07-27 09:00:00+00:00,2024-08-10 20:00:00+00:00,9,8,19
"Women's 10,000m",athletics,Athletics,ATH,https://olympics.com/en/paris-2024/sports/athletics,Athletics,2024-08-09 20:57:00+02:00,2024-08-09 21:31:00+02:00,Stade de France,"Women's 10,000m Final",W,FINISHED,Friday,0.5666666666666667,48.9244,2.3601,2024-07-24 13:30:00+00:00,2024-08-10 20:30:00+00:00,9,8,20
Men's Marathon,athletics,Athletics,ATH,https://olympics.com/en/paris-2024/sports/athletics,Athletics,2024-08-10 08:00:00+02:00,2024-08-10 10:45:00+02:00,Invalides,Men's Marathon Final,M,FINISHED,Saturday,2.75,48.8566,2.3122,2024-07-25 07:30:00+00:00,2024-08-04 13:20:00+00:00,10,8,8
Men +80kg,taekwondo,Taekwondo,TKW,https://olympics.com/en/paris-2024/sports/taekwondo,Taekwondo,2024-08-10 09:00:00+02:00,2024-08-10 09:09:00+02:00,Grand Palais,Men +80kg Qualification Contest,M,FINISHED,Saturday,0.15,48.8662,2.3124,2024-07-27 08:00:00+00:00,2024-08-10 21:00:00+00:00,10,8,9
Women +67kg,taekwondo,Taekwondo,TKW,https://olympics.com/en/paris-2024/sports/taekwondo,Taekwondo,2024-08-10 09:09:00+02:00,2024-08-10 09:21:00+02:00,Grand Palais,Women +67kg Round of 16,W,FINISHED,Saturday,0.2,48.8662,2.3124,2024-07-27 08:00:00+00:00,2024-08-10 21:00:00+00:00,10,8,9
Men's Freestyle 65kg,wrestling,Wrestling,WRE,https://olympics.com/en/paris-2024/sports/wrestling,Wrestling,2024-08-10 11:14:00+02:00,2024-08-10 11:21:00+02:00,Champ-de-Mars Arena,MFS 65kg 1/8 Finals,M,FINISHED,Saturday,0.1166666666666666,,,,,10,8,11
Women's Freestyle 76kg,wrestling,Wrestling,WRE,https://olympics.com/en/paris-2024/sports/wrestling,Wrestling,2024-08-10 11:14:00+02:00,2024-08-10 11:21:00+02:00,Champ-de-Mars Arena,WFS 76kg 1/8 Finals,W,FINISHED,Saturday,0.1166666666666666,,,,,10,8,11
Men's Freestyle 97kg,wrestling,Wrestling,WRE,https://olympics.com/en/paris-2024/sports/wrestling,Wrestling,2024-08-10 11:14:00+02:00,2024-08-10 11:21:00+02:00,Champ-de-Mars Arena,MFS 97kg 1/8 Finals,M,FINISHED,Saturday,0.1166666666666666,,,,,10,8,11
Men's 102kg,weightlifting,Weightlifting,WLF,https://olympics.com/en/paris-2024/sports/weightlifting,Weightlifting,2024-08-10 11:30:00+02:00,2024-08-10 14:00:00+02:00,South Paris Arena 6,Men's 102kg,M,FINISHED,Saturday,2.5,,,,,10,8,11
Women's 81kg,weightlifting,Weightlifting,WLF,https://olympics.com/en/paris-2024/sports/weightlifting,Weightlifting,2024-08-10 16:00:00+02:00,2024-08-10 18:30:00+02:00,South Paris Arena 6,Women's 81kg,W,FINISHED,Saturday,2.5,,,,,10,8,16
B-Boys,breaking,Breaking,BKG,https://olympics.com/en/paris-2024/sports/breaking,Breaking,2024-08-10 16:00:00+02:00,2024-08-10 16:05:50+02:00,La Concorde 1,B-Boys Round Robin - Group A,M,FINISHED,Saturday,0.0972222222222222,,,,,10,8,16
Men's Keirin,cycling-track,Cycling Track,CTR,https://olympics.com/en/paris-2024/sports/cycling-track,Cycling Track,2024-08-10 17:19:00+02:00,2024-08-10 17:50:00+02:00,National Velodrome,"Men's Keirin, First Round",M,FINISHED,Saturday,0.5166666666666667,,,,,10,8,17
Men's Madison,cycling-track,Cycling Track,CTR,https://olympics.com/en/paris-2024/sports/cycling-track,Cycling Track,2024-08-10 17:59:00+02:00,2024-08-10 19:07:00+02:00,National Velodrome,"Men's Madison, Final",M,FINISHED,Saturday,1.1333333333333333,,,,,10,8,17
Men's +102kg,weightlifting,Weightlifting,WLF,https://olympics.com/en/paris-2024/sports/weightlifting,Weightlifting,2024-08-10 20:30:00+02:00,2024-08-10 23:00:00+02:00,South Paris Arena 6,Men's +102kg,M,FINISHED,Saturday,2.5,,,,,10,8,20
Women's Marathon,athletics,Athletics,ATH,https://olympics.com/en/paris-2024/sports/athletics,Athletics,2024-08-11 08:00:00+02:00,2024-08-11 11:15:00+02:00,Invalides,Women's Marathon Final,W,FINISHED,Sunday,3.25,48.8566,2.3122,2024-07-25 07:30:00+00:00,2024-08-04 13:20:00+00:00,11,8,8
Women's Omnium,cycling-track,Cycling Track,CTR,https://olympics.com/en/paris-2024/sports/cycling-track,Cycling Track,2024-08-11 11:00:00+02:00,2024-08-11 11:22:00+02:00,National Velodrome,"Women's Omnium, Scratch Race 1/4",W,FINISHED,Sunday,0.3666666666666666,,,,,11,8,11
Women's +81kg,weightlifting,Weightlifting,WLF,https://olympics.com/en/paris-2024/sports/weightlifting,Weightlifting,2024-08-11 11:30:00+02:00,2024-08-11 14:00:00+02:00,South Paris Arena 6,Women's +81kg,W,FINISHED,Sunday,2.5,,,,,11,8,11
